Round,Age,Stage,Number_Oocyte,TUNEL_Cell,Ovary,Ovariole,Image_Code,Replicate,Vial
N2,5D,S1-7,27,1,1,12,65_5D_01_Overlay.ome.tif,37,65
N2,5D,S8-10,5,,1,12,65_5D_01_Overlay.ome.tif,37,65
N2,5D,S11,3,,1,12,65_5D_01_Overlay.ome.tif,37,65
N2,5D,S12-14,10,4,1,12,65_5D_01_Overlay.ome.tif,37,65
N2,5D,Germarium,,,1,12,65_5D_01_Overlay.ome.tif,37,65
N2,5D,S1-7,38,,2,12,65_5D_02_Overlay.ome.tif,38,65
N2,5D,S8-10,6,,2,12,65_5D_02_Overlay.ome.tif,38,65
N2,5D,S11,3,,2,12,65_5D_02_Overlay.ome.tif,38,65
N2,5D,S12-14,9,4,2,12,65_5D_02_Overlay.ome.tif,38,65
N2,5D,Germarium,,,2,12,65_5D_02_Overlay.ome.tif,38,65
N2,5D,S1-7,34,,3,11,65_5D_03_Overlay.ome.tif,39,65
N2,5D,S8-10,5,1,3,11,65_5D_03_Overlay.ome.tif,39,65
N2,5D,S11,2,,3,11,65_5D_03_Overlay.ome.tif,39,65
N2,5D,S12-14,12,6,3,11,65_5D_03_Overlay.ome.tif,39,65
N2,5D,Germarium,0,,3,11,65_5D_03_Overlay.ome.tif,39,65
N2,5D,S1-7,30,,4,10,65_5D_04_Overlay.ome.tif,40,65
N2,5D,S8-10,8,,4,10,65_5D_04_Overlay.ome.tif,40,65
N2,5D,S11,3,,4,10,65_5D_04_Overlay.ome.tif,40,65
N2,5D,S12-14,10,5,4,10,65_5D_04_Overlay.ome.tif,40,65
N2,5D,Germarium,0,,4,10,65_5D_04_Overlay.ome.tif,40,65
N2,5D,S1-7,22,,5,8,65_5D_Overlay.ome.tif,41,65
N2,5D,S8-10,8,,5,8,65_5D_Overlay.ome.tif,41,65
N2,5D,S11,1,,5,8,65_5D_Overlay.ome.tif,41,65
N2,5D,S12-14,3,,5,8,65_5D_Overlay.ome.tif,41,65
N2,5D,Germarium,,,5,8,65_5D_Overlay.ome.tif,41,65
N2,5D,S1-7,,,2,7,90_5D_Overlay.ome.tif,53,90
N2,5D,S8-10,,,2,7,90_5D_Overlay.ome.tif,53,90
N2,5D,S11,,,2,7,90_5D_Overlay.ome.tif,53,90
N2,5D,S12-14,,,2,7,90_5D_Overlay.ome.tif,53,90
N2,5D,Germarium,7,2,2,7,90_5D_Overlay.ome.tif,53,90
N2,5D,S1-7,,,1,8,90_5D_Overlay.ome.tif,54,90
N2,5D,S8-10,,,1,8,90_5D_Overlay.ome.tif,54,90
N2,5D,S11,,,1,8,90_5D_Overlay.ome.tif,54,90
N2,5D,S12-14,,,1,8,90_5D_Overlay.ome.tif,54,90
N2,5D,Germarium,8,,1,8,90_5D_Overlay.ome.tif,54,90
N2,5D,S1-7,42,19,1,8,103_5D_01_Overlay.ome.tif,56,103
N2,5D,S8-10,7,1,1,8,103_5D_01_Overlay.ome.tif,56,103
N2,5D,S11,5,,1,8,103_5D_01_Overlay.ome.tif,56,103
N2,5D,S12-14,15,1,1,8,103_5D_01_Overlay.ome.tif,56,103
N2,5D,Germarium,,,1,8,103_5D_01_Overlay.ome.tif,56,103
N2,5D,S1-7,45,5,2,11,103_5D_06_Overlay.ome.tif,57,103
N2,5D,S8-10,12,1,2,11,103_5D_06_Overlay.ome.tif,57,103
N2,5D,S11,1,,2,11,103_5D_06_Overlay.ome.tif,57,103
N2,5D,S12-14,19,5,2,11,103_5D_06_Overlay.ome.tif,57,103
N2,5D,Germarium,,,2,11,103_5D_06_Overlay.ome.tif,57,103
N2,5D,S1-7,66,20,3,16,103_5D_08_Overlay.ome.tif,58,103
N2,5D,S8-10,17,,3,16,103_5D_08_Overlay.ome.tif,58,103
N2,5D,S11,5,,3,16,103_5D_08_Overlay.ome.tif,58,103
N2,5D,S12-14,21,5,3,16,103_5D_08_Overlay.ome.tif,58,103
N2,5D,Germarium,,,3,16,103_5D_08_Overlay.ome.tif,58,103
N2,5D,S1-7,42,4,4,11,103_5D_Overlay.ome.tif,59,103
N2,5D,S8-10,12,,4,11,103_5D_Overlay.ome.tif,59,103
N2,5D,S11,5,,4,11,103_5D_Overlay.ome.tif,59,103
N2,5D,S12-14,24,2,4,11,103_5D_Overlay.ome.tif,59,103
N2,5D,Germarium,,,4,11,103_5D_Overlay.ome.tif,59,103
N2,5D,S1-7,13,2,1,5,112_5D_01_Overlay.ome.tif,61,112
N2,5D,S8-10,4,,1,5,112_5D_01_Overlay.ome.tif,61,112
N2,5D,S11,1,,1,5,112_5D_01_Overlay.ome.tif,61,112
N2,5D,S12-14,6,2,1,5,112_5D_01_Overlay.ome.tif,61,112
N2,5D,Germarium,0,,1,5,112_5D_01_Overlay.ome.tif,61,112
N2,5D,S1-7,43,9,2,14,153_5D_01_Overlay.ome.tif,80,153
N2,5D,S8-10,10,,2,14,153_5D_01_Overlay.ome.tif,80,153
N2,5D,S11,5,,2,14,153_5D_01_Overlay.ome.tif,80,153
N2,5D,S12-14,28,3,2,14,153_5D_01_Overlay.ome.tif,80,153
N2,5D,Germarium,,,2,14,153_5D_01_Overlay.ome.tif,80,153
N2,5D,S1-7,19,,3,7,153_5D_02_Overlay.ome.tif,81,153
N2,5D,S8-10,3,,3,7,153_5D_02_Overlay.ome.tif,81,153
N2,5D,S11,2,,3,7,153_5D_02_Overlay.ome.tif,81,153
N2,5D,S12-14,52,12,3,7,153_5D_02_Overlay.ome.tif,81,153
N2,5D,Germarium,,,3,7,153_5D_02_Overlay.ome.tif,81,153
N2,5D,S1-7,6,2,3,1,153_5D_03_Overlay.ome.tif,82,153
N2,5D,S8-10,1,,3,1,153_5D_03_Overlay.ome.tif,82,153
N2,5D,S11,,,3,1,153_5D_03_Overlay.ome.tif,82,153
N2,5D,S12-14,1,,3,1,153_5D_03_Overlay.ome.tif,82,153
N2,5D,Germarium,,,3,1,153_5D_03_Overlay.ome.tif,82,153
N2,5D,S1-7,19,2,3,4,153_5D_05_Overlay.ome.tif,83,153
N2,5D,S8-10,2,,3,4,153_5D_05_Overlay.ome.tif,83,153
N2,5D,S11,2,,3,4,153_5D_05_Overlay.ome.tif,83,153
N2,5D,S12-14,4,1,3,4,153_5D_05_Overlay.ome.tif,83,153
N2,5D,Germarium,,,3,4,153_5D_05_Overlay.ome.tif,83,153
N2,2D,S1-7,,,1,12,155_2D_Overlay.ome.tif,86,155
N2,2D,S8-10,,,1,12,155_2D_Overlay.ome.tif,86,155
N2,2D,S11,,,1,12,155_2D_Overlay.ome.tif,86,155
N2,2D,S12-14,,,1,12,155_2D_Overlay.ome.tif,86,155
N2,2D,Germarium,12,5,1,12,155_2D_Overlay.ome.tif,86,155
N2,2D,S1-7,,,2,11,155_2D_Overlay.ome.tif,87,155
N2,2D,S8-10,,,2,11,155_2D_Overlay.ome.tif,87,155
N2,2D,S11,,,2,11,155_2D_Overlay.ome.tif,87,155
N2,2D,S12-14,,,2,11,155_2D_Overlay.ome.tif,87,155
N2,2D,Germarium,11,6,2,11,155_2D_Overlay.ome.tif,87,155
N2,2D,S1-7,40,,1,6,177_2D_01_Overlay.ome.tif,88,177
N2,2D,S8-10,7,,1,6,177_2D_01_Overlay.ome.tif,88,177
N2,2D,S11,6,,1,6,177_2D_01_Overlay.ome.tif,88,177
N2,2D,S12-14,5,1,1,6,177_2D_01_Overlay.ome.tif,88,177
N2,2D,Germarium,,,1,6,177_2D_01_Overlay.ome.tif,88,177
N2,2D,S1-7,28,,2,6,177_2D_Overlay.ome.tif,89,177
N2,2D,S8-10,11,,2,6,177_2D_Overlay.ome.tif,89,177
N2,2D,S11,4,,2,6,177_2D_Overlay.ome.tif,89,177
N2,2D,S12-14,5,,2,6,177_2D_Overlay.ome.tif,89,177
N2,2D,Germarium,,,2,6,177_2D_Overlay.ome.tif,89,177
N2,5D,S1-7,47,8,1,10,179_5D_02_Overlay.ome.tif,90,179
N2,5D,S8-10,9,,1,10,179_5D_02_Overlay.ome.tif,90,179
N2,5D,S11,2,,1,10,179_5D_02_Overlay.ome.tif,90,179
N2,5D,S12-14,9,,1,10,179_5D_02_Overlay.ome.tif,90,179
N2,5D,Germarium,,,1,10,179_5D_02_Overlay.ome.tif,90,179
N2,5D,S1-7,59,,1,13,179_5D_03_Overlay.ome.tif,91,179
N2,5D,S8-10,12,,1,13,179_5D_03_Overlay.ome.tif,91,179
N2,5D,S11,8,,1,13,179_5D_03_Overlay.ome.tif,91,179
N2,5D,S12-14,13,2,1,13,179_5D_03_Overlay.ome.tif,91,179
N2,5D,Germarium,,,1,13,179_5D_03_Overlay.ome.tif,91,179
N2,5D,S1-7,38,,2,8,179_5D_03_Overlay.ome.tif,92,179
N2,5D,S8-10,7,,2,8,179_5D_03_Overlay.ome.tif,92,179
N2,5D,S11,11,,2,8,179_5D_03_Overlay.ome.tif,92,179
N2,5D,S12-14,4,,2,8,179_5D_03_Overlay.ome.tif,92,179
N2,5D,Germarium,,,2,8,179_5D_03_Overlay.ome.tif,92,179
N2,5D,S1-7,41,4,3,9,179_5D_06_Overlay.ome.tif,93,179
N2,5D,S8-10,12,,3,9,179_5D_06_Overlay.ome.tif,93,179
N2,5D,S11,2,,3,9,179_5D_06_Overlay.ome.tif,93,179
N2,5D,S12-14,21,5,3,9,179_5D_06_Overlay.ome.tif,93,179
N2,5D,Germarium,,,3,9,179_5D_06_Overlay.ome.tif,93,179
N2,5D,S1-7,4,2,3,1,179_5D_Overlay.ome.tif,94,179
N2,5D,S8-10,1,,3,1,179_5D_Overlay.ome.tif,94,179
N2,5D,S11,,,3,1,179_5D_Overlay.ome.tif,94,179
N2,5D,S12-14,3,,3,1,179_5D_Overlay.ome.tif,94,179
N2,5D,Germarium,,,3,1,179_5D_Overlay.ome.tif,94,179
N2,2D,S1-7,,,1,9,257_2D_01_Overlay.ome.tif,113,257
N2,2D,S8-10,,,1,9,257_2D_01_Overlay.ome.tif,113,257
N2,2D,S11,,,1,9,257_2D_01_Overlay.ome.tif,113,257
N2,2D,S12-14,,,1,9,257_2D_01_Overlay.ome.tif,113,257
N2,2D,Germarium,9,4,1,9,257_2D_01_Overlay.ome.tif,113,257
N2,2D,S1-7,,,2,8,257_2D_01_Overlay.ome.tif,114,257
N2,2D,S8-10,,,2,8,257_2D_01_Overlay.ome.tif,114,257
N2,2D,S11,,,2,8,257_2D_01_Overlay.ome.tif,114,257
N2,2D,S12-14,,,2,8,257_2D_01_Overlay.ome.tif,114,257
N2,2D,Germarium,8,1,2,8,257_2D_01_Overlay.ome.tif,114,257
N2,2D,S1-7,50,,3,12,257_2D_Overlay.ome.tif,115,257
N2,2D,S8-10,11,1,3,12,257_2D_Overlay.ome.tif,115,257
N2,2D,S11,0,,3,12,257_2D_Overlay.ome.tif,115,257
N2,2D,S12-14,8,1,3,12,257_2D_Overlay.ome.tif,115,257
N2,2D,Germarium,,,3,12,257_2D_Overlay.ome.tif,115,257
N2,2D,S1-7,36,2,4,11,257_2D_Overlay.ome.tif,116,257
N2,2D,S8-10,8,,4,11,257_2D_Overlay.ome.tif,116,257
N2,2D,S11,4,,4,11,257_2D_Overlay.ome.tif,116,257
N2,2D,S12-14,7,3,4,11,257_2D_Overlay.ome.tif,116,257
N2,2D,Germarium,,,4,11,257_2D_Overlay.ome.tif,116,257
N2,2D,S1-7,,,1,11,265_2D_01_Overlay.ome.tif,117,265
N2,2D,S8-10,,,1,11,265_2D_01_Overlay.ome.tif,117,265
N2,2D,S11,,,1,11,265_2D_01_Overlay.ome.tif,117,265
N2,2D,S12-14,,,1,11,265_2D_01_Overlay.ome.tif,117,265
N2,2D,Germarium,11,3,1,11,265_2D_01_Overlay.ome.tif,117,265
N2,2D,S1-7,,,2,10,265_2D_01_Overlay.ome.tif,118,265
N2,2D,S8-10,,,2,10,265_2D_01_Overlay.ome.tif,118,265
N2,2D,S11,,,2,10,265_2D_01_Overlay.ome.tif,118,265
N2,2D,S12-14,,,2,10,265_2D_01_Overlay.ome.tif,118,265
N2,2D,Germarium,10,4,2,10,265_2D_01_Overlay.ome.tif,118,265
N2,5D,S1-7,,,1,8,270_5D_Overlay.ome.tif,119,270
N2,5D,S8-10,,,1,8,270_5D_Overlay.ome.tif,119,270
N2,5D,S11,,,1,8,270_5D_Overlay.ome.tif,119,270
N2,5D,S12-14,,,1,8,270_5D_Overlay.ome.tif,119,270
N2,5D,Germarium,8,3,1,8,270_5D_Overlay.ome.tif,119,270
N2,5D,S1-7,,,2,6,270_5D_Overlay.ome.tif,120,270
N2,5D,S8-10,,,2,6,270_5D_Overlay.ome.tif,120,270
N2,5D,S11,,,2,6,270_5D_Overlay.ome.tif,120,270
N2,5D,S12-14,,,2,6,270_5D_Overlay.ome.tif,120,270
N2,5D,Germarium,6,2,2,6,270_5D_Overlay.ome.tif,120,270
N2,2D,S1-7,59,3,1,15,278_2D_01_Overlay.ome.tif,121,278
N2,2D,S8-10,17,,1,15,278_2D_01_Overlay.ome.tif,121,278
N2,2D,S11,3,,1,15,278_2D_01_Overlay.ome.tif,121,278
N2,2D,S12-14,4,,1,15,278_2D_01_Overlay.ome.tif,121,278
N2,2D,Germarium,,,1,15,278_2D_01_Overlay.ome.tif,121,278
N2,2D,S1-7,47,1,2,12,278_2D_01_Overlay.ome.tif,122,278
N2,2D,S8-10,10,,2,12,278_2D_01_Overlay.ome.tif,122,278
N2,2D,S11,3,,2,12,278_2D_01_Overlay.ome.tif,122,278
N2,2D,S12-14,5,,2,12,278_2D_01_Overlay.ome.tif,122,278
N2,2D,Germarium,,,2,12,278_2D_01_Overlay.ome.tif,122,278
N2,2D,S1-7,34,,1,13,278_2D_02_Overlay.ome.tif,123,278
N2,2D,S8-10,11,,1,13,278_2D_02_Overlay.ome.tif,123,278
N2,2D,S11,2,,1,13,278_2D_02_Overlay.ome.tif,123,278
N2,2D,S12-14,5,,1,13,278_2D_02_Overlay.ome.tif,123,278
N2,2D,Germarium,,,1,13,278_2D_02_Overlay.ome.tif,123,278
N2,2D,S1-7,36,6,2,9,278_2D_02_Overlay.ome.tif,124,278
N2,2D,S8-10,9,1,2,9,278_2D_02_Overlay.ome.tif,124,278
N2,2D,S11,2,,2,9,278_2D_02_Overlay.ome.tif,124,278
N2,2D,S12-14,5,,2,9,278_2D_02_Overlay.ome.tif,124,278
N2,2D,Germarium,,,2,9,278_2D_02_Overlay.ome.tif,124,278
N2,2D,S1-7,47,,3,10,278_2D_03_Overlay.ome.tif,125,278
N2,2D,S8-10,13,1,3,10,278_2D_03_Overlay.ome.tif,125,278
N2,2D,S11,0,,3,10,278_2D_03_Overlay.ome.tif,125,278
N2,2D,S12-14,7,1,3,10,278_2D_03_Overlay.ome.tif,125,278
N2,2D,Germarium,,,3,10,278_2D_03_Overlay.ome.tif,125,278
N2,2D,S1-7,57,2,4,12,278_2D_04_Overlay.ome.tif,126,278
N2,2D,S8-10,14,,4,12,278_2D_04_Overlay.ome.tif,126,278
N2,2D,S11,2,,4,12,278_2D_04_Overlay.ome.tif,126,278
N2,2D,S12-14,6,1,4,12,278_2D_04_Overlay.ome.tif,126,278
N2,2D,Germarium,,,4,12,278_2D_04_Overlay.ome.tif,126,278
N2,2D,S1-7,67,,5,15,278_2D_Overlay.ome.tif,127,278
N2,2D,S8-10,12,,5,15,278_2D_Overlay.ome.tif,127,278
N2,2D,S11,1,,5,15,278_2D_Overlay.ome.tif,127,278
N2,2D,S12-14,5,,5,15,278_2D_Overlay.ome.tif,127,278
N2,2D,Germarium,,,5,15,278_2D_Overlay.ome.tif,127,278
N2,2D,S1-7,58,,6,11,278_2D_Overlay.ome.tif,128,278
N2,2D,S8-10,13,,6,11,278_2D_Overlay.ome.tif,128,278
N2,2D,S11,1,,6,11,278_2D_Overlay.ome.tif,128,278
N2,2D,S12-14,4,,6,11,278_2D_Overlay.ome.tif,128,278
N2,2D,Germarium,,,6,11,278_2D_Overlay.ome.tif,128,278
N2,2D,S1-7,42,,1,12,280_2D_Overlay.ome.tif,129,280
N2,2D,S8-10,10,,1,12,280_2D_Overlay.ome.tif,129,280
N2,2D,S11,3,,1,12,280_2D_Overlay.ome.tif,129,280
N2,2D,S12-14,9,5,1,12,280_2D_Overlay.ome.tif,129,280
N2,2D,Germarium,,,1,12,280_2D_Overlay.ome.tif,129,280
N2,2D,S1-7,20,,2,5,280_2D_Overlay.ome.tif,130,280
N2,2D,S8-10,7,,2,5,280_2D_Overlay.ome.tif,130,280
N2,2D,S11,0,,2,5,280_2D_Overlay.ome.tif,130,280
N2,2D,S12-14,6,1,2,5,280_2D_Overlay.ome.tif,130,280
N2,2D,Germarium,,,2,5,280_2D_Overlay.ome.tif,130,280
N2,5D,S1-7,39,4,1,14,339-323_5D_01_Overlay.ome.tif,131,339
N2,5D,S8-10,15,,1,14,339-323_5D_01_Overlay.ome.tif,131,339
N2,5D,S11,4,,1,14,339-323_5D_01_Overlay.ome.tif,131,339
N2,5D,S12-14,18,3,1,14,339-323_5D_01_Overlay.ome.tif,131,339
N2,5D,Germarium,,,1,14,339-323_5D_01_Overlay.ome.tif,131,339
N2,5D,S1-7,49,4,2,15,339-323_5D_02_Overlay.ome.tif,132,339
N2,5D,S8-10,4,,2,15,339-323_5D_02_Overlay.ome.tif,132,339
N2,5D,S11,11,,2,15,339-323_5D_02_Overlay.ome.tif,132,339
N2,5D,S12-14,17,5,2,15,339-323_5D_02_Overlay.ome.tif,132,339
N2,5D,Germarium,,,2,15,339-323_5D_02_Overlay.ome.tif,132,339
N2,5D,S1-7,45,2,3,12,339-323_5D_Overlay.ome.tif,133,339
N2,5D,S8-10,12,,3,12,339-323_5D_Overlay.ome.tif,133,339
N2,5D,S11,4,,3,12,339-323_5D_Overlay.ome.tif,133,339
N2,5D,S12-14,11,3,3,12,339-323_5D_Overlay.ome.tif,133,339
N2,5D,Germarium,,,3,12,339-323_5D_Overlay.ome.tif,133,339
N2,5D,S1-7,53,5,4,14,339-323_5D_Overlay.ome.tif,134,339
N2,5D,S8-10,17,,4,14,339-323_5D_Overlay.ome.tif,134,339
N2,5D,S11,4,,4,14,339-323_5D_Overlay.ome.tif,134,339
N2,5D,S12-14,16,3,4,14,339-323_5D_Overlay.ome.tif,134,339
N2,5D,Germarium,,,4,14,339-323_5D_Overlay.ome.tif,134,339
N2,2D,S1-7,,,1,8,362_363_2D_01_Overlay.ome.tif,135,362
N2,2D,S8-10,,,1,8,362_363_2D_01_Overlay.ome.tif,135,362
N2,2D,S11,,,1,8,362_363_2D_01_Overlay.ome.tif,135,362
N2,2D,S12-14,,,1,8,362_363_2D_01_Overlay.ome.tif,135,362
N2,2D,Germarium,8,2,1,8,362_363_2D_01_Overlay.ome.tif,135,362
N2,2D,S1-7,,,2,11,362_363_2D_01_Overlay.ome.tif,136,362
N2,2D,S8-10,,,2,11,362_363_2D_01_Overlay.ome.tif,136,362
N2,2D,S11,,,2,11,362_363_2D_01_Overlay.ome.tif,136,362
N2,2D,S12-14,,,2,11,362_363_2D_01_Overlay.ome.tif,136,362
N2,2D,Germarium,11,1,2,11,362_363_2D_01_Overlay.ome.tif,136,362
N2,2D,S1-7,25,2,1,8,423_2D_02_Overlay.ome.tif,137,423
N2,2D,S8-10,10,,1,8,423_2D_02_Overlay.ome.tif,137,423
N2,2D,S11,2,,1,8,423_2D_02_Overlay.ome.tif,137,423
N2,2D,S12-14,4,,1,8,423_2D_02_Overlay.ome.tif,137,423
N2,2D,Germarium,,,1,8,423_2D_02_Overlay.ome.tif,137,423
N2,2D,S1-7,33,,2,7,423_2D_02_Overlay.ome.tif,138,423
N2,2D,S8-10,11,1,2,7,423_2D_02_Overlay.ome.tif,138,423
N2,2D,S11,0,,2,7,423_2D_02_Overlay.ome.tif,138,423
N2,2D,S12-14,3,,2,7,423_2D_02_Overlay.ome.tif,138,423
N2,2D,Germarium,,,2,7,423_2D_02_Overlay.ome.tif,138,423
N2,2D,S1-7,62,,1,15,427_421_2D_01_Overlay.ome.tif,139,427
N2,2D,S8-10,17,,1,15,427_421_2D_01_Overlay.ome.tif,139,427
N2,2D,S11,,,1,15,427_421_2D_01_Overlay.ome.tif,139,427
N2,2D,S12-14,5,1,1,15,427_421_2D_01_Overlay.ome.tif,139,427
N2,2D,Germarium,,,1,15,427_421_2D_01_Overlay.ome.tif,139,427
N2,2D,S1-7,50,,2,13,427_421_2D_01_Overlay.ome.tif,140,427
N2,2D,S8-10,15,,2,13,427_421_2D_01_Overlay.ome.tif,140,427
N2,2D,S11,,,2,13,427_421_2D_01_Overlay.ome.tif,140,427
N2,2D,S12-14,4,,2,13,427_421_2D_01_Overlay.ome.tif,140,427
N2,2D,Germarium,,,2,13,427_421_2D_01_Overlay.ome.tif,140,427
N2,2D,S1-7,33,,3,8,427_421_2D_02_Overlay.ome.tif,141,427
N2,2D,S8-10,4,,3,8,427_421_2D_02_Overlay.ome.tif,141,427
N2,2D,S11,10,,3,8,427_421_2D_02_Overlay.ome.tif,141,427
N2,2D,S12-14,1,,3,8,427_421_2D_02_Overlay.ome.tif,141,427
N2,2D,Germarium,,,3,8,427_421_2D_02_Overlay.ome.tif,141,427
N2,2D,S1-7,31,2,4,11,427_421_2D_03_Overlay.ome.tif,142,427
N2,2D,S8-10,10,,4,11,427_421_2D_03_Overlay.ome.tif,142,427
N2,2D,S11,1,,4,11,427_421_2D_03_Overlay.ome.tif,142,427
N2,2D,S12-14,3,,4,11,427_421_2D_03_Overlay.ome.tif,142,427
N2,2D,Germarium,,,4,11,427_421_2D_03_Overlay.ome.tif,142,427
N2,2D,S1-7,40,,5,11,427_421_2D_03_Overlay.ome.tif,143,427
N2,2D,S8-10,10,,5,11,427_421_2D_03_Overlay.ome.tif,143,427
N2,2D,S11,1,,5,11,427_421_2D_03_Overlay.ome.tif,143,427
N2,2D,S12-14,3,1,5,11,427_421_2D_03_Overlay.ome.tif,143,427
N2,2D,Germarium,,,5,11,427_421_2D_03_Overlay.ome.tif,143,427
N2,2D,S1-7,46,,6,16,427_421_2D_Overlay.ome.tif,144,427
N2,2D,S8-10,15,,6,16,427_421_2D_Overlay.ome.tif,144,427
N2,2D,S11,5,1,6,16,427_421_2D_Overlay.ome.tif,144,427
N2,2D,S12-14,4,,6,16,427_421_2D_Overlay.ome.tif,144,427
N2,2D,Germarium,,,6,16,427_421_2D_Overlay.ome.tif,144,427
N2,2D,S1-7,67,1,7,13,427_421_2D_Overlay.ome.tif,145,427
N2,2D,S8-10,17,,7,13,427_421_2D_Overlay.ome.tif,145,427
N2,2D,S11,3,,7,13,427_421_2D_Overlay.ome.tif,145,427
N2,2D,S12-14,5,1,7,13,427_421_2D_Overlay.ome.tif,145,427
N2,2D,Germarium,,,7,13,427_421_2D_Overlay.ome.tif,145,427
N2,5D,S1-7,37,,1,15,439-350_5D_Overlay.ome.tif,146,439
N2,5D,S8-10,13,,1,15,439-350_5D_Overlay.ome.tif,146,439
N2,5D,S11,0,,1,15,439-350_5D_Overlay.ome.tif,146,439
N2,5D,S12-14,18,2,1,15,439-350_5D_Overlay.ome.tif,146,439
N2,5D,Germarium,,,1,15,439-350_5D_Overlay.ome.tif,146,439
N2,5D,S1-7,58,2,2,16,439-350_5D_Overlay.ome.tif,147,439
N2,5D,S8-10,17,,2,16,439-350_5D_Overlay.ome.tif,147,439
N2,5D,S11,0,,2,16,439-350_5D_Overlay.ome.tif,147,439
N2,5D,S12-14,16,3,2,16,439-350_5D_Overlay.ome.tif,147,439
N2,5D,Germarium,,,2,16,439-350_5D_Overlay.ome.tif,147,439
N2,2D,S1-7,,,1,8,503_2D_01_Overlay.ome.tif,148,503
N2,2D,S8-10,,,1,8,503_2D_01_Overlay.ome.tif,148,503
N2,2D,S11,,,1,8,503_2D_01_Overlay.ome.tif,148,503
N2,2D,S12-14,,,1,8,503_2D_01_Overlay.ome.tif,148,503
N2,2D,Germarium,8,2,1,8,503_2D_01_Overlay.ome.tif,148,503
N2,2D,S1-7,,,2,7,503_2D_01_Overlay.ome.tif,149,503
N2,2D,S8-10,,,2,7,503_2D_01_Overlay.ome.tif,149,503
N2,2D,S11,,,2,7,503_2D_01_Overlay.ome.tif,149,503
N2,2D,S12-14,,,2,7,503_2D_01_Overlay.ome.tif,149,503
N2,2D,Germarium,7,4,2,7,503_2D_01_Overlay.ome.tif,149,503
N2,2D,S1-7,,,3,8,503_2D_02_Overlay.ome.tif,150,503
N2,2D,S8-10,,,3,8,503_2D_02_Overlay.ome.tif,150,503
N2,2D,S11,,,3,8,503_2D_02_Overlay.ome.tif,150,503
N2,2D,S12-14,,,3,8,503_2D_02_Overlay.ome.tif,150,503
N2,2D,Germarium,8,5,3,8,503_2D_02_Overlay.ome.tif,150,503
N2,2D,S1-7,,,4,12,503_2D_02_Overlay.ome.tif,151,503
N2,2D,S8-10,,,4,12,503_2D_02_Overlay.ome.tif,151,503
N2,2D,S11,,,4,12,503_2D_02_Overlay.ome.tif,151,503
N2,2D,S12-14,,,4,12,503_2D_02_Overlay.ome.tif,151,503
N2,2D,Germarium,12,3,4,12,503_2D_02_Overlay.ome.tif,151,503
N2,5D,S1-7,91,,1,18,514-632-522_5D_Stitched_Overlay.ome.tif,152,514
N2,5D,S8-10,19,,1,18,514-632-522_5D_Stitched_Overlay.ome.tif,152,514
N2,5D,S11,0,,1,18,514-632-522_5D_Stitched_Overlay.ome.tif,152,514
N2,5D,S12-14,5,,1,18,514-632-522_5D_Stitched_Overlay.ome.tif,152,514
N2,5D,Germarium,,,1,18,514-632-522_5D_Stitched_Overlay.ome.tif,152,514
N2,5D,S1-7,86,8,2,11,514-632-522_5D_Stitched_Overlay.ome.tif,153,514
N2,5D,S8-10,13,,2,11,514-632-522_5D_Stitched_Overlay.ome.tif,153,514
N2,5D,S11,1,,2,11,514-632-522_5D_Stitched_Overlay.ome.tif,153,514
N2,5D,S12-14,1,,2,11,514-632-522_5D_Stitched_Overlay.ome.tif,153,514
N2,5D,Germarium,,,2,11,514-632-522_5D_Stitched_Overlay.ome.tif,153,514
N2,5D,S1-7,80,,3,12,514-632-522_5D_Stitched_Overlay.ome.tif,154,514
N2,5D,S8-10,11,,3,12,514-632-522_5D_Stitched_Overlay.ome.tif,154,514
N2,5D,S11,0,,3,12,514-632-522_5D_Stitched_Overlay.ome.tif,154,514
N2,5D,S12-14,2,,3,12,514-632-522_5D_Stitched_Overlay.ome.tif,154,514
N2,5D,Germarium,,,3,12,514-632-522_5D_Stitched_Overlay.ome.tif,154,514
N2,5D,S1-7,56,,4,11,514-632-522_5D_Stitched_Overlay.ome.tif,155,514
N2,5D,S8-10,9,,4,11,514-632-522_5D_Stitched_Overlay.ome.tif,155,514
N2,5D,S11,2,,4,11,514-632-522_5D_Stitched_Overlay.ome.tif,155,514
N2,5D,S12-14,9,,4,11,514-632-522_5D_Stitched_Overlay.ome.tif,155,514
N2,5D,Germarium,,,4,11,514-632-522_5D_Stitched_Overlay.ome.tif,155,514
N2,5D,S1-7,58,,1,15,514-632-522_5D_Stitched_Overlay.ome.tif,156,632
N2,5D,S8-10,10,,1,15,514-632-522_5D_Stitched_Overlay.ome.tif,156,632
N2,5D,S11,1,,1,15,514-632-522_5D_Stitched_Overlay.ome.tif,156,632
N2,5D,S12-14,11,,1,15,514-632-522_5D_Stitched_Overlay.ome.tif,156,632
N2,5D,Germarium,,,1,15,514-632-522_5D_Stitched_Overlay.ome.tif,156,632
N2,5D,S1-7,49,1,2,9,514-632-522_5D_Stitched_Overlay.ome.tif,157,632
N2,5D,S8-10,9,1,2,9,514-632-522_5D_Stitched_Overlay.ome.tif,157,632
N2,5D,S11,1,,2,9,514-632-522_5D_Stitched_Overlay.ome.tif,157,632
N2,5D,S12-14,12,,2,9,514-632-522_5D_Stitched_Overlay.ome.tif,157,632
N2,5D,Germarium,,,2,9,514-632-522_5D_Stitched_Overlay.ome.tif,157,632
N2,5D,S1-7,66,,3,13,514-632-522_5D_Stitched_Overlay.ome.tif,158,632
N2,5D,S8-10,16,,3,13,514-632-522_5D_Stitched_Overlay.ome.tif,158,632
N2,5D,S11,1,,3,13,514-632-522_5D_Stitched_Overlay.ome.tif,158,632
N2,5D,S12-14,11,5,3,13,514-632-522_5D_Stitched_Overlay.ome.tif,158,632
N2,5D,Germarium,,,3,13,514-632-522_5D_Stitched_Overlay.ome.tif,158,632
N2,5D,S1-7,69,,4,17,514-632-522_5D_Stitched_Overlay.ome.tif,159,632
N2,5D,S8-10,17,,4,17,514-632-522_5D_Stitched_Overlay.ome.tif,159,632
N2,5D,S11,8,,4,17,514-632-522_5D_Stitched_Overlay.ome.tif,159,632
N2,5D,S12-14,16,4,4,17,514-632-522_5D_Stitched_Overlay.ome.tif,159,632
N2,5D,Germarium,,,4,17,514-632-522_5D_Stitched_Overlay.ome.tif,159,632
N2,5D,S1-7,54,,5,12,514-632-522_5D_Stitched_Overlay.ome.tif,160,632
N2,5D,S8-10,15,,5,12,514-632-522_5D_Stitched_Overlay.ome.tif,160,632
N2,5D,S11,8,,5,12,514-632-522_5D_Stitched_Overlay.ome.tif,160,632
N2,5D,S12-14,23,5,5,12,514-632-522_5D_Stitched_Overlay.ome.tif,160,632
N2,5D,Germarium,,,5,12,514-632-522_5D_Stitched_Overlay.ome.tif,160,632
N2,5D,S1-7,,,1,5,514-632-522_5D_Stitched_Overlay.ome.tif,161,522
N2,5D,S8-10,,,1,5,514-632-522_5D_Stitched_Overlay.ome.tif,161,522
N2,5D,S11,,,1,5,514-632-522_5D_Stitched_Overlay.ome.tif,161,522
N2,5D,S12-14,,,1,5,514-632-522_5D_Stitched_Overlay.ome.tif,161,522
N2,5D,Germarium,5,,1,5,514-632-522_5D_Stitched_Overlay.ome.tif,161,522
N2,5D,S1-7,,,2,3,514-632-522_5D_Stitched_Overlay.ome.tif,162,522
N2,5D,S8-10,,,2,3,514-632-522_5D_Stitched_Overlay.ome.tif,162,522
N2,5D,S11,,,2,3,514-632-522_5D_Stitched_Overlay.ome.tif,162,522
N2,5D,S12-14,,,2,3,514-632-522_5D_Stitched_Overlay.ome.tif,162,522
N2,5D,Germarium,3,,2,3,514-632-522_5D_Stitched_Overlay.ome.tif,162,522
N2,5D,S1-7,,,3,6,514-632-522_5D_Stitched_Overlay.ome.tif,163,522
N2,5D,S8-10,,,3,6,514-632-522_5D_Stitched_Overlay.ome.tif,163,522
N2,5D,S11,,,3,6,514-632-522_5D_Stitched_Overlay.ome.tif,163,522
N2,5D,S12-14,,,3,6,514-632-522_5D_Stitched_Overlay.ome.tif,163,522
N2,5D,Germarium,6,,3,6,514-632-522_5D_Stitched_Overlay.ome.tif,163,522
N2,5D,S1-7,43,18,1,8,515_5D_01_Overlay.ome.tif,164,515
N2,5D,S8-10,8,,1,8,515_5D_01_Overlay.ome.tif,164,515
N2,5D,S11,2,,1,8,515_5D_01_Overlay.ome.tif,164,515
N2,5D,S12-14,5,,1,8,515_5D_01_Overlay.ome.tif,164,515
N2,5D,Germarium,,,1,8,515_5D_01_Overlay.ome.tif,164,515
N2,5D,S1-7,35,4,2,8,515_5D_02_Overlay.ome.tif,165,515
N2,5D,S8-10,6,,2,8,515_5D_02_Overlay.ome.tif,165,515
N2,5D,S11,1,,2,8,515_5D_02_Overlay.ome.tif,165,515
N2,5D,S12-14,13,7,2,8,515_5D_02_Overlay.ome.tif,165,515
N2,5D,Germarium,,,2,8,515_5D_02_Overlay.ome.tif,165,515
N2,5D,S1-7,35,14,3,12,515_5D_02_Overlay.ome.tif,166,515
N2,5D,S8-10,4,2,3,12,515_5D_02_Overlay.ome.tif,166,515
N2,5D,S11,2,,3,12,515_5D_02_Overlay.ome.tif,166,515
N2,5D,S12-14,11,3,3,12,515_5D_02_Overlay.ome.tif,166,515
N2,5D,Germarium,,,3,12,515_5D_02_Overlay.ome.tif,166,515
N2,5D,S1-7,37,7,4,9,515_5D_03_Overlay.ome.tif,167,515
N2,5D,S8-10,9,,4,9,515_5D_03_Overlay.ome.tif,167,515
N2,5D,S11,2,,4,9,515_5D_03_Overlay.ome.tif,167,515
N2,5D,S12-14,7,5,4,9,515_5D_03_Overlay.ome.tif,167,515
N2,5D,Germarium,,,4,9,515_5D_03_Overlay.ome.tif,167,515
N2,5D,S1-7,33,3,5,11,515_5D_03_Overlay.ome.tif,168,515
N2,5D,S8-10,8,1,5,11,515_5D_03_Overlay.ome.tif,168,515
N2,5D,S11,1,,5,11,515_5D_03_Overlay.ome.tif,168,515
N2,5D,S12-14,7,2,5,11,515_5D_03_Overlay.ome.tif,168,515
N2,5D,Germarium,,,5,11,515_5D_03_Overlay.ome.tif,168,515
N2,5D,S1-7,44,1,6,11,515_5D_04_Overlay.ome.tif,169,515
N2,5D,S8-10,8,,6,11,515_5D_04_Overlay.ome.tif,169,515
N2,5D,S11,6,,6,11,515_5D_04_Overlay.ome.tif,169,515
N2,5D,S12-14,0,,6,11,515_5D_04_Overlay.ome.tif,169,515
N2,5D,Germarium,,,6,11,515_5D_04_Overlay.ome.tif,169,515
N2,5D,S1-7,52,10,7,14,515_5D_05_Overlay.ome.tif,170,515
N2,5D,S8-10,2,,7,14,515_5D_05_Overlay.ome.tif,170,515
N2,5D,S11,3,,7,14,515_5D_05_Overlay.ome.tif,170,515
N2,5D,S12-14,9,4,7,14,515_5D_05_Overlay.ome.tif,170,515
N2,5D,Germarium,,,7,14,515_5D_05_Overlay.ome.tif,170,515
N2,5D,S1-7,45,,8,11,515_5D_05_Overlay.ome.tif,171,515
N2,5D,S8-10,5,,8,11,515_5D_05_Overlay.ome.tif,171,515
N2,5D,S11,2,,8,11,515_5D_05_Overlay.ome.tif,171,515
N2,5D,S12-14,10,7,8,11,515_5D_05_Overlay.ome.tif,171,515
N2,5D,Germarium,,,8,11,515_5D_05_Overlay.ome.tif,171,515
N2,5D,S1-7,28,7,9,10,515_5D_06_Overlay.ome.tif,172,515
N2,5D,S8-10,7,,9,10,515_5D_06_Overlay.ome.tif,172,515
N2,5D,S11,2,,9,10,515_5D_06_Overlay.ome.tif,172,515
N2,5D,S12-14,4,2,9,10,515_5D_06_Overlay.ome.tif,172,515
N2,5D,Germarium,,,9,10,515_5D_06_Overlay.ome.tif,172,515
N2,5D,S1-7,36,4,10,13,515_5D_06_Overlay.ome.tif,173,515
N2,5D,S8-10,9,,10,13,515_5D_06_Overlay.ome.tif,173,515
N2,5D,S11,3,,10,13,515_5D_06_Overlay.ome.tif,173,515
N2,5D,S12-14,3,,10,13,515_5D_06_Overlay.ome.tif,173,515
N2,5D,Germarium,,,10,13,515_5D_06_Overlay.ome.tif,173,515
N2,5D,S1-7,41,,11,12,515_5D_Overlay.ome.tif,174,515
N2,5D,S8-10,8,,11,12,515_5D_Overlay.ome.tif,174,515
N2,5D,S11,1,,11,12,515_5D_Overlay.ome.tif,174,515
N2,5D,S12-14,4,1,11,12,515_5D_Overlay.ome.tif,174,515
N2,5D,Germarium,,,11,12,515_5D_Overlay.ome.tif,174,515
N2,5D,S1-7,42,13,12,11,515_5D_Overlay.ome.tif,175,515
N2,5D,S8-10,14,,12,11,515_5D_Overlay.ome.tif,175,515
N2,5D,S11,0,,12,11,515_5D_Overlay.ome.tif,175,515
N2,5D,S12-14,7,1,12,11,515_5D_Overlay.ome.tif,175,515
N2,5D,Germarium,,,12,11,515_5D_Overlay.ome.tif,175,515
N2,2D,S1-7,45,,1,10,523_2D_01_Overlay.ome.tif,176,523
N2,2D,S8-10,18,2,1,10,523_2D_01_Overlay.ome.tif,176,523
N2,2D,S11,,,1,10,523_2D_01_Overlay.ome.tif,176,523
N2,2D,S12-14,12,1,1,10,523_2D_01_Overlay.ome.tif,176,523
N2,2D,Germarium,,,1,10,523_2D_01_Overlay.ome.tif,176,523
N2,2D,S1-7,58,4,2,10,523_2D_05_Overlay.ome.tif,177,523
N2,2D,S8-10,11,1,2,10,523_2D_05_Overlay.ome.tif,177,523
N2,2D,S11,,,2,10,523_2D_05_Overlay.ome.tif,177,523
N2,2D,S12-14,10,4,2,10,523_2D_05_Overlay.ome.tif,177,523
N2,2D,Germarium,,,2,10,523_2D_05_Overlay.ome.tif,177,523
N2,5D,S1-7,,,1,8,529_5D_01_Overlay.ome.tif,178,529
N2,5D,S8-10,,,1,8,529_5D_01_Overlay.ome.tif,178,529
N2,5D,S11,,,1,8,529_5D_01_Overlay.ome.tif,178,529
N2,5D,S12-14,,,1,8,529_5D_01_Overlay.ome.tif,178,529
N2,5D,Germarium,8,3,1,8,529_5D_01_Overlay.ome.tif,178,529
N2,5D,S1-7,,,1,10,529_5D_02_Overlay.ome.tif,179,529
N2,5D,S8-10,,,1,10,529_5D_02_Overlay.ome.tif,179,529
N2,5D,S11,,,1,10,529_5D_02_Overlay.ome.tif,179,529
N2,5D,S12-14,,,1,10,529_5D_02_Overlay.ome.tif,179,529
N2,5D,Germarium,10,1,1,10,529_5D_02_Overlay.ome.tif,179,529
N2,5D,S1-7,,,2,12,529_5D_02_Overlay.ome.tif,180,529
N2,5D,S8-10,,,2,12,529_5D_02_Overlay.ome.tif,180,529
N2,5D,S11,,,2,12,529_5D_02_Overlay.ome.tif,180,529
N2,5D,S12-14,,,2,12,529_5D_02_Overlay.ome.tif,180,529
N2,5D,Germarium,12,,2,12,529_5D_02_Overlay.ome.tif,180,529
N2,5D,S1-7,,,3,11,529_5D_Overlay.ome.tif,181,529
N2,5D,S8-10,,,3,11,529_5D_Overlay.ome.tif,181,529
N2,5D,S11,,,3,11,529_5D_Overlay.ome.tif,181,529
N2,5D,S12-14,,,3,11,529_5D_Overlay.ome.tif,181,529
N2,5D,Germarium,11,3,3,11,529_5D_Overlay.ome.tif,181,529
N2,2D,S1-7,,,1,12,1006_2D_01_Overlay.ome.tif,182,1006
N2,2D,S8-10,,,1,12,1006_2D_01_Overlay.ome.tif,182,1006
N2,2D,S11,,,1,12,1006_2D_01_Overlay.ome.tif,182,1006
N2,2D,S12-14,,,1,12,1006_2D_01_Overlay.ome.tif,182,1006
N2,2D,Germarium,12,,1,12,1006_2D_01_Overlay.ome.tif,182,1006
N2,2D,S1-7,,,2,9,1006_2D_01_Overlay.ome.tif,183,1006
N2,2D,S8-10,,,2,9,1006_2D_01_Overlay.ome.tif,183,1006
N2,2D,S11,,,2,9,1006_2D_01_Overlay.ome.tif,183,1006
N2,2D,S12-14,,,2,9,1006_2D_01_Overlay.ome.tif,183,1006
N2,2D,Germarium,9,,2,9,1006_2D_01_Overlay.ome.tif,183,1006
N2,0D,S1-7,,,1,6,1135_1145_0D_01_Overlay.ome.tif,184,1135
N2,0D,S8-10,,,1,6,1135_1145_0D_01_Overlay.ome.tif,184,1135
N2,0D,S11,,,1,6,1135_1145_0D_01_Overlay.ome.tif,184,1135
N2,0D,S12-14,,,1,6,1135_1145_0D_01_Overlay.ome.tif,184,1135
N2,0D,Germarium,6,,1,6,1135_1145_0D_01_Overlay.ome.tif,184,1135
N2,0D,S1-7,,,2,8,1135_1145_0D_02_Overlay.ome.tif,185,1135
N2,0D,S8-10,,,2,8,1135_1145_0D_02_Overlay.ome.tif,185,1135
N2,0D,S11,,,2,8,1135_1145_0D_02_Overlay.ome.tif,185,1135
N2,0D,S12-14,,,2,8,1135_1145_0D_02_Overlay.ome.tif,185,1135
N2,0D,Germarium,8,,2,8,1135_1145_0D_02_Overlay.ome.tif,185,1135
N2,0D,S1-7,,,3,8,1135_1145_0D_02_Overlay.ome.tif,186,1135
N2,0D,S8-10,,,3,8,1135_1145_0D_02_Overlay.ome.tif,186,1135
N2,0D,S11,,,3,8,1135_1145_0D_02_Overlay.ome.tif,186,1135
N2,0D,S12-14,,,3,8,1135_1145_0D_02_Overlay.ome.tif,186,1135
N2,0D,Germarium,8,,3,8,1135_1145_0D_02_Overlay.ome.tif,186,1135
N2,0D,S1-7,30,2,1,9,1139_0D_Overlay.ome.tif,187,1139
N2,0D,S8-10,12,1,1,9,1139_0D_Overlay.ome.tif,187,1139
N2,0D,S11,0,,1,9,1139_0D_Overlay.ome.tif,187,1139
N2,0D,S12-14,0,,1,9,1139_0D_Overlay.ome.tif,187,1139
N2,0D,Germarium,,,1,9,1139_0D_Overlay.ome.tif,187,1139
N2,0D,S1-7,13,2,2,7,1139_0D_Overlay.ome.tif,188,1139
N2,0D,S8-10,6,,2,7,1139_0D_Overlay.ome.tif,188,1139
N2,0D,S11,0,,2,7,1139_0D_Overlay.ome.tif,188,1139
N2,0D,S12-14,0,,2,7,1139_0D_Overlay.ome.tif,188,1139
N2,0D,Germarium,,,2,7,1139_0D_Overlay.ome.tif,188,1139
N2,0D,S1-7,54,15,1,9,1141_0D_01_Overlay.ome.tif,189,1141
N2,0D,S8-10,0,,1,9,1141_0D_01_Overlay.ome.tif,189,1141
N2,0D,S11,0,,1,9,1141_0D_01_Overlay.ome.tif,189,1141
N2,0D,S12-14,0,,1,9,1141_0D_01_Overlay.ome.tif,189,1141
N2,0D,Germarium,,,1,9,1141_0D_01_Overlay.ome.tif,189,1141
N2,0D,S1-7,59,2,2,10,1141_0D_01_Overlay.ome.tif,190,1141
N2,0D,S8-10,0,,2,10,1141_0D_01_Overlay.ome.tif,190,1141
N2,0D,S11,0,,2,10,1141_0D_01_Overlay.ome.tif,190,1141
N2,0D,S12-14,0,,2,10,1141_0D_01_Overlay.ome.tif,190,1141
N2,0D,Germarium,,,2,10,1141_0D_01_Overlay.ome.tif,190,1141
N2,0D,S1-7,49,6,3,9,1141_0D_01_Overlay.ome.tif,191,1141
N2,0D,S8-10,0,,3,9,1141_0D_01_Overlay.ome.tif,191,1141
N2,0D,S11,0,,3,9,1141_0D_01_Overlay.ome.tif,191,1141
N2,0D,S12-14,0,,3,9,1141_0D_01_Overlay.ome.tif,191,1141
N2,0D,Germarium,,,3,9,1141_0D_01_Overlay.ome.tif,191,1141
N2,0D,S1-7,47,9,4,6,1141_0D_02_Overlay.ome.tif,192,1141
N2,0D,S8-10,0,,4,6,1141_0D_02_Overlay.ome.tif,192,1141
N2,0D,S11,0,,4,6,1141_0D_02_Overlay.ome.tif,192,1141
N2,0D,S12-14,0,,4,6,1141_0D_02_Overlay.ome.tif,192,1141
N2,0D,Germarium,0,,4,6,1141_0D_02_Overlay.ome.tif,192,1141
N2,0D,S1-7,44,22,5,7,1141_0D_Overlay.ome.tif,193,1141
N2,0D,S8-10,0,,5,7,1141_0D_Overlay.ome.tif,193,1141
N2,0D,S11,0,,5,7,1141_0D_Overlay.ome.tif,193,1141
N2,0D,S12-14,0,,5,7,1141_0D_Overlay.ome.tif,193,1141
N2,0D,Germarium,0,,5,7,1141_0D_Overlay.ome.tif,193,1141
N2,0D,S1-7,56,,1,9,1143_1129_0D_01_Overlay.ome.tif,194,1143
N2,0D,S8-10,5,,1,9,1143_1129_0D_01_Overlay.ome.tif,194,1143
N2,0D,S11,,,1,9,1143_1129_0D_01_Overlay.ome.tif,194,1143
N2,0D,S12-14,,,1,9,1143_1129_0D_01_Overlay.ome.tif,194,1143
N2,0D,Germarium,,,1,9,1143_1129_0D_01_Overlay.ome.tif,194,1143
N2,0D,S1-7,43,1,2,10,1143_1129_0D_01_Overlay.ome.tif,195,1143
N2,0D,S8-10,8,1,2,10,1143_1129_0D_01_Overlay.ome.tif,195,1143
N2,0D,S11,0,,2,10,1143_1129_0D_01_Overlay.ome.tif,195,1143
N2,0D,S12-14,0,,2,10,1143_1129_0D_01_Overlay.ome.tif,195,1143
N2,0D,Germarium,,,2,10,1143_1129_0D_01_Overlay.ome.tif,195,1143
N2,0D,S1-7,,,3,5,1143_1129_0D_Overlay.ome.tif,196,1143
N2,0D,S8-10,,,3,5,1143_1129_0D_Overlay.ome.tif,196,1143
N2,0D,S11,,,3,5,1143_1129_0D_Overlay.ome.tif,196,1143
N2,0D,S12-14,,,3,5,1143_1129_0D_Overlay.ome.tif,196,1143
N2,0D,Germarium,5,,3,5,1143_1129_0D_Overlay.ome.tif,196,1143
N2,0D,S1-7,,,4,9,1143_1129_0D_Overlay.ome.tif,197,1143
N2,0D,S8-10,,,4,9,1143_1129_0D_Overlay.ome.tif,197,1143
N2,0D,S11,,,4,9,1143_1129_0D_Overlay.ome.tif,197,1143
N2,0D,S12-14,,,4,9,1143_1129_0D_Overlay.ome.tif,197,1143
N2,0D,Germarium,9,2,4,9,1143_1129_0D_Overlay.ome.tif,197,1143
N2,0D,S1-7,,,1,5,1146_1133_0D_01_Overlay.ome.tif,198,1146
N2,0D,S8-10,,,1,5,1146_1133_0D_01_Overlay.ome.tif,198,1146
N2,0D,S11,,,1,5,1146_1133_0D_01_Overlay.ome.tif,198,1146
N2,0D,S12-14,,,1,5,1146_1133_0D_01_Overlay.ome.tif,198,1146
N2,0D,Germarium,5,1,1,5,1146_1133_0D_01_Overlay.ome.tif,198,1146
N2,0D,S1-7,,,2,6,1146_1133_0D_01_Overlay.ome.tif,199,1146
N2,0D,S8-10,,,2,6,1146_1133_0D_01_Overlay.ome.tif,199,1146
N2,0D,S11,,,2,6,1146_1133_0D_01_Overlay.ome.tif,199,1146
N2,0D,S12-14,,,2,6,1146_1133_0D_01_Overlay.ome.tif,199,1146
N2,0D,Germarium,6,1,2,6,1146_1133_0D_01_Overlay.ome.tif,199,1146
N2,0D,S1-7,,,3,4,1146_1133_0D_Overlay.ome.tif,200,1146
N2,0D,S8-10,,,3,4,1146_1133_0D_Overlay.ome.tif,200,1146
N2,0D,S11,,,3,4,1146_1133_0D_Overlay.ome.tif,200,1146
N2,0D,S12-14,,,3,4,1146_1133_0D_Overlay.ome.tif,200,1146
N2,0D,Germarium,4,,3,4,1146_1133_0D_Overlay.ome.tif,200,1146
N2,0D,S1-7,,,4,7,1146_1133_0D_Overlay.ome.tif,201,1146
N2,0D,S8-10,,,4,7,1146_1133_0D_Overlay.ome.tif,201,1146
N2,0D,S11,,,4,7,1146_1133_0D_Overlay.ome.tif,201,1146
N2,0D,S12-14,,,4,7,1146_1133_0D_Overlay.ome.tif,201,1146
N2,0D,Germarium,7,2,4,7,1146_1133_0D_Overlay.ome.tif,201,1146
N2,0D,S1-7,,,1,18,1189_0D_Overlay.ome.tif,202,1189
N2,0D,S8-10,,,1,18,1189_0D_Overlay.ome.tif,202,1189
N2,0D,S11,,,1,18,1189_0D_Overlay.ome.tif,202,1189
N2,0D,S12-14,,,1,18,1189_0D_Overlay.ome.tif,202,1189
N2,0D,Germarium,18,6,1,18,1189_0D_Overlay.ome.tif,202,1189
N2,0D,S1-7,,,2,15,1189_0D_Overlay.ome.tif,203,1189
N2,0D,S8-10,,,2,15,1189_0D_Overlay.ome.tif,203,1189
N2,0D,S11,,,2,15,1189_0D_Overlay.ome.tif,203,1189
N2,0D,S12-14,,,2,15,1189_0D_Overlay.ome.tif,203,1189
N2,0D,Germarium,15,1,2,15,1189_0D_Overlay.ome.tif,203,1189
N2,0D,S1-7,34,6,1,7,1190-1193_0D_01_Overlay.ome.tif,204,130
N2,0D,S8-10,7,,1,7,1190-1193_0D_01_Overlay.ome.tif,204,130
N2,0D,S11,,,1,7,1190-1193_0D_01_Overlay.ome.tif,204,130
N2,0D,S12-14,,,1,7,1190-1193_0D_01_Overlay.ome.tif,204,130
N2,0D,Germarium,,,1,7,1190-1193_0D_01_Overlay.ome.tif,204,130
N2,0D,S1-7,19,4,2,5,1190-1193_0D_02_Overlay.ome.tif,205,130
N2,0D,S8-10,7,,2,5,1190-1193_0D_02_Overlay.ome.tif,205,130
N2,0D,S11,1,,2,5,1190-1193_0D_02_Overlay.ome.tif,205,130
N2,0D,S12-14,,,2,5,1190-1193_0D_02_Overlay.ome.tif,205,130
N2,0D,Germarium,,,2,5,1190-1193_0D_02_Overlay.ome.tif,205,130
N2,0D,S1-7,65,10,3,13,1190-1193_0D_03_Overlay.ome.tif,206,130
N2,0D,S8-10,11,1,3,13,1190-1193_0D_03_Overlay.ome.tif,206,130
N2,0D,S11,3,,3,13,1190-1193_0D_03_Overlay.ome.tif,206,130
N2,0D,S12-14,,,3,13,1190-1193_0D_03_Overlay.ome.tif,206,130
N2,0D,Germarium,,,3,13,1190-1193_0D_03_Overlay.ome.tif,206,130
N2,0D,S1-7,34,,4,9,1190-1193_0D_03_Overlay.ome.tif,207,130
N2,0D,S8-10,9,2,4,9,1190-1193_0D_03_Overlay.ome.tif,207,130
N2,0D,S11,3,,4,9,1190-1193_0D_03_Overlay.ome.tif,207,130
N2,0D,S12-14,0,,4,9,1190-1193_0D_03_Overlay.ome.tif,207,130
N2,0D,Germarium,,,4,9,1190-1193_0D_03_Overlay.ome.tif,207,130
N2,0D,S1-7,37,,1,9,1190-1193_0D_04_Overlay.ome.tif,208,1190
N2,0D,S8-10,9,1,1,9,1190-1193_0D_04_Overlay.ome.tif,208,1190
N2,0D,S11,,,1,9,1190-1193_0D_04_Overlay.ome.tif,208,1190
N2,0D,S12-14,,,1,9,1190-1193_0D_04_Overlay.ome.tif,208,1190
N2,0D,Germarium,,,1,9,1190-1193_0D_04_Overlay.ome.tif,208,1190
N2,0D,S1-7,34,3,2,7,1190-1193_0D_04_Overlay.ome.tif,209,1190
N2,0D,S8-10,8,1,2,7,1190-1193_0D_04_Overlay.ome.tif,209,1190
N2,0D,S11,,,2,7,1190-1193_0D_04_Overlay.ome.tif,209,1190
N2,0D,S12-14,,,2,7,1190-1193_0D_04_Overlay.ome.tif,209,1190
N2,0D,Germarium,,,2,7,1190-1193_0D_04_Overlay.ome.tif,209,1190
N2,0D,S1-7,46,,1,10,1190-1193_0D_05_Overlay.ome.tif,210,1193
N2,0D,S8-10,8,2,1,10,1190-1193_0D_05_Overlay.ome.tif,210,1193
N2,0D,S11,,,1,10,1190-1193_0D_05_Overlay.ome.tif,210,1193
N2,0D,S12-14,,,1,10,1190-1193_0D_05_Overlay.ome.tif,210,1193
N2,0D,Germarium,,,1,10,1190-1193_0D_05_Overlay.ome.tif,210,1193
N2,0D,S1-7,39,3,2,11,1190-1193_0D_05_Overlay.ome.tif,211,1193
N2,0D,S8-10,11,3,2,11,1190-1193_0D_05_Overlay.ome.tif,211,1193
N2,0D,S11,,,2,11,1190-1193_0D_05_Overlay.ome.tif,211,1193
N2,0D,S12-14,,,2,11,1190-1193_0D_05_Overlay.ome.tif,211,1193
N2,0D,Germarium,,,2,11,1190-1193_0D_05_Overlay.ome.tif,211,1193
N2,0D,S1-7,44,,3,10,1190-1193_0D_Overlay.ome.tif,212,1193
N2,0D,S8-10,8,1,3,10,1190-1193_0D_Overlay.ome.tif,212,1193
N2,0D,S11,3,,3,10,1190-1193_0D_Overlay.ome.tif,212,1193
N2,0D,S12-14,,,3,10,1190-1193_0D_Overlay.ome.tif,212,1193
N2,0D,Germarium,,,3,10,1190-1193_0D_Overlay.ome.tif,212,1193
N2,0D,S1-7,47,,4,12,1190-1193_0D_06_Overlay.ome.tif,213,1193
N2,0D,S8-10,11,,4,12,1190-1193_0D_06_Overlay.ome.tif,213,1193
N2,0D,S11,,,4,12,1190-1193_0D_06_Overlay.ome.tif,213,1193
N2,0D,S12-14,,,4,12,1190-1193_0D_06_Overlay.ome.tif,213,1193
N2,0D,Germarium,,,4,12,1190-1193_0D_06_Overlay.ome.tif,213,1193
N2,0D,S1-7,37,4,5,8,1190-1193_0D_06_Overlay.ome.tif,214,1193
N2,0D,S8-10,13,,5,8,1190-1193_0D_06_Overlay.ome.tif,214,1193
N2,0D,S11,2,,5,8,1190-1193_0D_06_Overlay.ome.tif,214,1193
N2,0D,S12-14,,,5,8,1190-1193_0D_06_Overlay.ome.tif,214,1193
N2,0D,Germarium,,,5,8,1190-1193_0D_06_Overlay.ome.tif,214,1193
N2,0D,S1-7,38,,1,9,1194_1195_0D_01_Overlay.ome.tif,215,1194
N2,0D,S8-10,8,,1,9,1194_1195_0D_01_Overlay.ome.tif,215,1194
N2,0D,S11,,,1,9,1194_1195_0D_01_Overlay.ome.tif,215,1194
N2,0D,S12-14,,,1,9,1194_1195_0D_01_Overlay.ome.tif,215,1194
N2,0D,Germarium,,,1,9,1194_1195_0D_01_Overlay.ome.tif,215,1194
N2,0D,S1-7,38,2,2,8,1194_1195_0D_01_Overlay.ome.tif,216,1194
N2,0D,S8-10,3,1,2,8,1194_1195_0D_01_Overlay.ome.tif,216,1194
N2,0D,S11,,,2,8,1194_1195_0D_01_Overlay.ome.tif,216,1194
N2,0D,S12-14,,,2,8,1194_1195_0D_01_Overlay.ome.tif,216,1194
N2,0D,Germarium,,,2,8,1194_1195_0D_01_Overlay.ome.tif,216,1194
N2,0D,S1-7,42,2,3,9,1194_1195_0D_02_Overlay.ome.tif,217,1194
N2,0D,S8-10,10,3,3,9,1194_1195_0D_02_Overlay.ome.tif,217,1194
N2,0D,S11,,,3,9,1194_1195_0D_02_Overlay.ome.tif,217,1194
N2,0D,S12-14,,,3,9,1194_1195_0D_02_Overlay.ome.tif,217,1194
N2,0D,Germarium,,,3,9,1194_1195_0D_02_Overlay.ome.tif,217,1194
N2,0D,S1-7,40,9,4,12,1194_1195_0D_02_Overlay.ome.tif,218,1194
N2,0D,S8-10,6,1,4,12,1194_1195_0D_02_Overlay.ome.tif,218,1194
N2,0D,S11,,,4,12,1194_1195_0D_02_Overlay.ome.tif,218,1194
N2,0D,S12-14,,,4,12,1194_1195_0D_02_Overlay.ome.tif,218,1194
N2,0D,Germarium,,,4,12,1194_1195_0D_02_Overlay.ome.tif,218,1194
N2,0D,S1-7,39,1,5,7,1194_1195_0D_04_Overlay.ome.tif,219,1194
N2,0D,S8-10,3,,5,7,1194_1195_0D_04_Overlay.ome.tif,219,1194
N2,0D,S11,,,5,7,1194_1195_0D_04_Overlay.ome.tif,219,1194
N2,0D,S12-14,,,5,7,1194_1195_0D_04_Overlay.ome.tif,219,1194
N2,0D,Germarium,,,5,7,1194_1195_0D_04_Overlay.ome.tif,219,1194
N2,0D,S1-7,53,13,6,9,1194_1195_0D_Overlay.ome.tif,220,1194
N2,0D,S8-10,4,,6,9,1194_1195_0D_Overlay.ome.tif,220,1194
N2,0D,S11,,,6,9,1194_1195_0D_Overlay.ome.tif,220,1194
N2,0D,S12-14,,,6,9,1194_1195_0D_Overlay.ome.tif,220,1194
N2,0D,Germarium,,,6,9,1194_1195_0D_Overlay.ome.tif,220,1194