Date,Vial,Species,Sex,Weight,Stock,Treatment,Age,Comments,Round
16-May,1,DMEL,M,0.00073,42,0.5,0,,3
16-May,1,DMEL,M,0.00072,42,0.5,0,,3
16-May,1,DMEL,M,0.00067,42,0.5,0,,3
16-May,1,DMEL,M,0.00066,42,0.5,0,,3
16-May,1,DMEL,F,0.00123,42,0.5,0,,3
16-May,1,DMEL,F,0.00114,42,0.5,0,,3
16-May,1,DMEL,F,0.00113,42,0.5,0,,3
16-May,1,DMEL,F,0.00112,42,0.5,0,,3
16-May,1,DMEL,F,0.00105,42,0.5,0,,3
16-May,1,DMEL,F,0.00102,42,0.5,0,,3
16-May,1,DMEL,F,0.001,42,0.5,0,,3
17-May,1,DMEL,M,0.00083,42,0.5,0,,3
17-May,1,DMEL,M,0.00083,42,0.5,0,,3
17-May,1,DMEL,M,0.00075,42,0.5,0,,3
17-May,1,DMEL,M,0.00074,42,0.5,0,,3
17-May,1,DMEL,M,0.00072,42,0.5,0,,3
17-May,1,DMEL,M,0.00068,42,0.5,0,,3
17-May,1,DMEL,F,0.00104,42,0.5,0,,3
17-May,1,DMEL,F,0.00103,42,0.5,0,,3
17-May,1,DMEL,F,0.00103,42,0.5,0,,3
17-May,1,DMEL,F,0.00099,42,0.5,0,,3
18-May,1,DMEL,M,0.00075,42,0.5,0,,3
18-May,1,DMEL,M,0.00071,42,0.5,0,,3
18-May,1,DMEL,F,0.00101,42,0.5,0,,3
19-May,1,DMEL,M,0.00074,42,0.5,0,,3
19-May,1,DMEL,M,0.00069,42,0.5,0,,3
19-May,1,DMEL,F,0.00105,42,0.5,0,,3
26-Apr,36,DMEL,M,0.00065,42,0.5,0,,2
27-Apr,36,DMEL,M,0.00068,42,0.5,0,,2
27-Apr,42,DMEL,F,0.0012,42,0.5,0,,2
18-May,1,DMEL,F,0.00124,42,0.5,2,,3
18-May,1,DMEL,F,0.00124,42,0.5,2,,3
18-May,1,DMEL,F,0.00121,42,0.5,2,,3
18-May,1,DMEL,F,0.00119,42,0.5,2,,3
18-May,1,DMEL,F,0.00118,42,0.5,2,,3
18-May,1,DMEL,F,0.00113,42,0.5,2,,3
18-May,1,DMEL,F,0.00111,42,0.5,2,,3
19-May,1,DMEL,F,0.00111,42,0.5,2,,3
19-May,1,DMEL,F,0.00107,42,0.5,2,,3
19-May,1,DMEL,F,0.00105,42,0.5,2,,3
19-May,1,DMEL,F,0.00103,42,0.5,2,,3
20-May,1,DMEL,F,0.0011,42,0.5,4,,3
20-May,1,DMEL,F,0.00106,42,0.5,4,,3
20-May,1,DMEL,F,0.00106,42,0.5,4,,3
20-May,1,DMEL,F,0.00107,42,0.5,4,,3
20-May,1,DMEL,F,0.00109,42,0.5,4,,3
20-May,1,DMEL,F,0.00117,42,0.5,4,,3
20-May,1,DMEL,F,0.00116,42,0.5,4,,3
20-May,1,DMEL,F,0.00112,42,0.5,4,,3
20-May,1,DMEL,F,0.00117,42,0.5,4,,3
20-May,1,DMEL,F,0.00105,42,0.5,4,,3
20-May,1,DMEL,F,0.0011,42,0.5,4,,3
20-May,1,DMEL,F,0.00111,42,0.5,4,,3
20-May,1,DMEL,F,0.00118,42,0.5,4,,3
20-May,1,DMEL,F,0.00108,42,0.5,4,,3
20-May,1,DMEL,F,0.00109,42,0.5,4,,3
20-May,1,DMEL,F,0.0012,42,0.5,4,,3
20-May,1,DMEL,F,0.00106,42,0.5,4,,3
20-May,1,DMEL,F,0.00107,42,0.5,4,,3
20-May,1,DMEL,F,0.00119,42,0.5,4,,3
20-May,1,DMEL,F,0.00116,42,0.5,4,,3
20-May,1,DMEL,F,0.00108,42,0.5,4,,3
20-May,1,DMEL,F,0.00113,42,0.5,4,,3
20-May,1,DMEL,F,0.00105,42,0.5,4,,3
20-May,1,DMEL,F,0.0012,42,0.5,4,,3
20-May,1,DMEL,F,0.00106,42,0.5,4,,3
20-May,1,DMEL,F,0.00107,42,0.5,4,,3
20-May,1,DMEL,F,0.00119,42,0.5,4,,3
20-May,1,DMEL,F,0.0012,42,0.5,4,,3
20-May,1,DMEL,F,0.00107,42,0.5,4,,3
20-May,1,DMEL,F,0.00114,42,0.5,4,,3
20-May,1,DMEL,F,0.00108,42,0.5,4,,3
20-May,1,DMEL,F,0.00118,42,0.5,4,,3
21-May,1,DMEL,F,0.00117,42,0.5,6,,3
21-May,1,DMEL,F,0.00121,42,0.5,6,,3
21-May,1,DMEL,F,0.00109,42,0.5,6,,3
21-May,1,DMEL,F,0.00114,42,0.5,6,,3
21-May,1,DMEL,F,0.00118,42,0.5,6,,3
21-May,1,DMEL,F,0.00122,42,0.5,6,,3
21-May,1,DMEL,F,0.00123,42,0.5,6,,3
21-May,1,DMEL,F,0.00107,42,0.5,6,,3
21-May,1,DMEL,F,0.00114,42,0.5,6,,3
21-May,1,DMEL,F,0.00125,42,0.5,6,,3
21-May,1,DMEL,F,0.00107,42,0.5,6,,3
21-May,1,DMEL,F,0.0012,42,0.5,6,,3
21-May,1,DMEL,F,0.00112,42,0.5,6,,3
21-May,1,DMEL,F,0.00104,42,0.5,6,,3
21-May,1,DMEL,F,0.00121,42,0.5,6,,3
21-May,1,DMEL,F,0.00103,42,0.5,6,,3
21-May,1,DMEL,F,0.00115,42,0.5,6,,3
21-May,1,DMEL,F,0.00108,42,0.5,6,,3
21-May,1,DMEL,F,0.00103,42,0.5,6,,3
21-May,1,DMEL,F,0.00121,42,0.5,6,,3
21-May,1,DMEL,F,0.00121,42,0.5,6,,3
21-May,1,DMEL,F,0.00111,42,0.5,6,,3
21-May,1,DMEL,F,0.00107,42,0.5,6,,3
21-May,1,DMEL,F,0.00107,42,0.5,6,,3
21-May,1,DMEL,F,0.00124,42,0.5,6,,3
21-May,1,DMEL,F,0.00123,42,0.5,6,,3
21-May,1,DMEL,F,0.0011,42,0.5,6,,3
21-May,1,DMEL,F,0.00103,42,0.5,6,,3
21-May,1,DMEL,F,0.00116,42,0.5,6,,3
26-May,1,DMEL,F,0.0012,42,0.5,6,,3
26-May,1,DMEL,F,0.0014,42,0.5,8,,3
26-May,1,DMEL,F,0.0011,42,0.5,8,,3
26-May,1,DMEL,F,0.00108,42,0.5,8,,3
26-May,1,DMEL,F,0.00108,42,0.5,8,,3
26-May,1,DMEL,F,0.00103,42,0.5,8,,3
26-May,1,DMEL,F,0.00105,42,0.5,8,,3
26-May,1,DMEL,F,0.00128,42,0.5,8,,3
26-May,1,DMEL,F,0.00125,42,0.5,8,,3
26-May,1,DMEL,F,0.00115,42,0.5,8,,3
26-May,1,DMEL,F,0.00134,42,0.5,8,,3
26-May,1,DMEL,F,0.00126,42,0.5,8,,3
26-May,1,DMEL,F,0.00129,42,0.5,8,,3
26-May,1,DMEL,F,0.00125,42,0.5,8,,3
26-May,1,DMEL,F,0.00131,42,0.5,10,,3
26-May,1,DMEL,F,0.00127,42,0.5,10,,3
26-May,1,DMEL,F,0.00124,42,0.5,10,,3
26-May,1,DMEL,F,0.00119,42,0.5,10,,3
26-May,1,DMEL,F,0.00118,42,0.5,10,,3
26-May,1,DMEL,F,0.00117,42,0.5,10,,3
4/19/23,2,DMEL,F,0.0011,42,0.5,10,,2
4/19/23,2,DMEL,F,0.0012,42,0.5,10,,2
4/19/23,2,DMEL,F,0.0008,42,0.5,10,,2
4/19/23,10,DMEL,F,0.0014,42,0.5,10,,2
4/19/23,10,DMEL,F,0.0012,42,0.5,10,,2
4/19/23,10,DMEL,F,0.0011,42,0.5,10,,2
4/19/23,10,DMEL,F,0.0012,42,0.5,10,,2
4/20/23,18,DMEL,M,0.0006,42,0.5,10,,2
4/20/23,27,DMEL,M,0.0007,42,0.5,10,,2
4/20/23,27,DMEL,M,0.0007,42,0.5,10,,2
4/20/23,33,DMEL,F,0.0012,42,0.5,10,,2
4/20/23,34,DMEL,M,0.0007,42,0.5,10,,2
4/21/23,60,DMEL,F,0.0011,42,0.5,10,,2
4/21/23,60,DMEL,F,0.0009,42,0.5,10,,2
4/21/23,73,DMEL,M,0.0007,42,0.5,10,,2
4/21/23,83,DMEL,M,0.0007,42,0.5,10,,2
4/24/23,316,DMEL,M,0.0007,42,0.5,10,,2
4/24/23,316,DMEL,M,0.0006,42,0.5,10,,2
4/24/23,316,DMEL,M,0.0006,42,0.5,10,,2
4/24/23,316,DMEL,M,0.0007,42,0.5,10,,2
4/24/23,316,DMEL,M,0.0007,42,0.5,10,,2
4/24/23,357,DMEL,F,0.0011,42,0.5,10,,2
4/24/23,361,DMEL,F,0.0013,42,0.5,10,,2
4/24/23,361,DMEL,F,0.0012,42,0.5,10,,2
16-May,5,DMEL,F,0.00118,42,1,0,,3
16-May,5,DMEL,F,0.00115,42,1,0,,3
16-May,5,DMEL,F,0.00114,42,1,0,,3
16-May,5,DMEL,F,0.00114,42,1,0,,3
16-May,5,DMEL,M,0.00073,42,1,0,,3
16-May,5,DMEL,M,0.0007,42,1,0,,3
16-May,5,DMEL,M,0.00069,42,1,0,,3
16-May,5,DMEL,M,0.00067,42,1,0,,3
16-May,5,DMEL,M,0.00063,42,1,0,,3
17-May,5,DMEL,M,0.00077,42,1,0,,3
17-May,5,DMEL,M,0.00076,42,1,0,,3
17-May,5,DMEL,M,0.00076,42,1,0,,3
17-May,5,DMEL,F,0.00126,42,1,0,,3
17-May,5,DMEL,F,0.00122,42,1,0,,3
17-May,5,DMEL,F,0.00113,42,1,0,,3
18-May,5,DMEL,M,0.00077,42,1,0,,3
18-May,5,DMEL,M,0.00074,42,1,0,,3
18-May,5,DMEL,M,0.00073,42,1,0,,3
18-May,5,DMEL,M,0.00068,42,1,0,,3
18-May,5,DMEL,M,0.00067,42,1,0,,3
18-May,5,DMEL,M,0.00059,42,1,0,,3
18-May,5,DMEL,F,0.00135,42,1,0,,3
18-May,5,DMEL,F,0.00114,42,1,0,,3
18-May,5,DMEL,F,0.00105,42,1,0,,3
19-May,5,DMEL,F,0.00135,42,1,0,,3
19-May,5,DMEL,F,0.00126,42,1,0,,3
19-May,5,DMEL,F,0.0012,42,1,0,,3
19-May,5,DMEL,F,0.0012,42,1,0,,3
19-May,5,DMEL,F,0.00119,42,1,0,,3
19-May,5,DMEL,F,0.00117,42,1,0,,3
19-May,5,DMEL,F,0.00116,42,1,0,,3
19-May,5,DMEL,F,0.00112,42,1,0,,3
19-May,5,DMEL,F,0.001,42,1,0,,3
26-Apr,21,DMEL,F,0.00133,42,1,0,,2
26-Apr,21,DMEL,M,0.00085,42,1,0,,2
26-Apr,40,DMEL,M,0.00074,42,1,0,,2
18-May,5,DMEL,F,0.00132,42,1,2,,3
18-May,5,DMEL,F,0.00132,42,1,2,,3
18-May,5,DMEL,F,0.0012,42,1,2,,3
18-May,5,DMEL,F,0.00106,42,1,2,,3
19-May,5,DMEL,F,0.00128,42,1,2,,3
19-May,5,DMEL,F,0.00122,42,1,2,,3
19-May,5,DMEL,F,0.0012,42,1,2,,3
18-May,5,DMEL,F,0.00113,42,1,4,,3
18-May,5,DMEL,F,0.00129,42,1,4,,3
18-May,5,DMEL,F,0.00129,42,1,4,,3
18-May,5,DMEL,F,0.00116,42,1,4,,3
18-May,5,DMEL,F,0.00112,42,1,4,,3
18-May,5,DMEL,F,0.00116,42,1,4,,3
18-May,5,DMEL,F,0.00105,42,1,4,,3
18-May,5,DMEL,F,0.00128,42,1,4,,3
18-May,5,DMEL,F,0.00111,42,1,4,,3
18-May,5,DMEL,F,0.00123,42,1,4,,3
18-May,5,DMEL,F,0.00108,42,1,4,,3
26-May,5,DMEL,F,0.00123,42,1,6,,3
26-May,5,DMEL,F,0.00123,42,1,6,,3
26-May,5,DMEL,F,0.00121,42,1,6,,3
26-May,5,DMEL,F,0.00119,42,1,6,,3
26-May,5,DMEL,F,0.00117,42,1,6,,3
26-May,5,DMEL,F,0.00116,42,1,6,,3
26-May,5,DMEL,F,0.00112,42,1,6,,3
26-May,5,DMEL,F,0.00109,42,1,6,,3
26-May,5,DMEL,F,0.00105,42,1,6,,3
26-May,5,DMEL,F,0.00136,42,1,8,,3
26-May,5,DMEL,F,0.00113,42,1,8,,3
26-May,5,DMEL,F,0.00113,42,1,8,,3
26-May,5,DMEL,F,0.00134,42,1,8,,3
26-May,5,DMEL,F,0.00129,42,1,8,,3
26-May,5,DMEL,F,0.0012,42,1,8,,3
4/19/23,3,DMEL,F,0.0011,42,1,10,,2
4/19/23,3,DMEL,F,0.0011,42,1,10,,2
4/19/23,3,DMEL,F,0.0011,42,1,10,,2
4/19/23,3,DMEL,F,0.0012,42,1,10,,2
26-May,5,DMEL,F,0.0013,42,1,10,,3
26-May,5,DMEL,F,0.00126,42,1,10,,3
26-May,5,DMEL,F,0.00122,42,1,10,,3
4/20/23,20,DMEL,M,0.0007,42,1,10,,2
4/20/23,20,DMEL,M,0.0007,42,1,10,,2
4/20/23,20,DMEL,M,0.0007,42,1,10,,2
4/20/23,20,DMEL,M,0.0007,42,1,10,,2
4/20/23,20,DMEL,M,0.0007,42,1,10,,2
4/20/23,20,DMEL,M,0.0008,42,1,10,,2
4/20/23,28,DMEL,M,0.0007,42,1,10,,2
4/20/23,28,DMEL,M,0.0007,42,1,10,,2
4/20/23,35,DMEL,F,0.0011,42,1,10,,2
4/20/23,38,DMEL,F,0.0011,42,1,10,,2
4/20/23,38,DMEL,F,0.0011,42,1,10,,2
4/20/23,41,DMEL,M,0.0007,42,1,10,,2
4/21/23,72,DMEL,M,0.0007,42,1,10,,2
4/21/23,72,DMEL,M,0.0007,42,1,10,,2
4/21/23,72,DMEL,M,0.0007,42,1,10,,2
4/21/23,72,DMEL,M,0.0008,42,1,10,,2
4/24/23,360,DMEL,F,0.0011,42,1,10,,2
4/24/23,360,DMEL,F,0.0011,42,1,10,,2
4/24/23,360,DMEL,F,0.0011,42,1,10,,2
4/24/23,360,DMEL,F,0.0012,42,1,10,,2
16-May,3,DMEL,F,0.00128,42,2,0,,3
16-May,3,DMEL,F,0.00119,42,2,0,,3
16-May,3,DMEL,F,0.00116,42,2,0,,3
16-May,3,DMEL,F,0.00112,42,2,0,,3
16-May,3,DMEL,F,0.00112,42,2,0,,3
16-May,3,DMEL,F,0.00111,42,2,0,,3
16-May,3,DMEL,F,0.00111,42,2,0,,3
16-May,3,DMEL,F,0.00109,42,2,0,,3
16-May,3,DMEL,F,0.00109,42,2,0,,3
16-May,3,DMEL,F,0.00108,42,2,0,,3
16-May,3,DMEL,F,0.00106,42,2,0,,3
16-May,3,DMEL,F,0.00105,42,2,0,,3
16-May,3,DMEL,F,0.00105,42,2,0,,3
16-May,3,DMEL,F,0.00104,42,2,0,,3
16-May,3,DMEL,F,0.00103,42,2,0,,3
16-May,3,DMEL,F,0.00098,42,2,0,,3
16-May,3,DMEL,M,0.00086,42,2,0,,3
16-May,3,DMEL,M,0.00073,42,2,0,,3
16-May,3,DMEL,M,0.00072,42,2,0,,3
16-May,3,DMEL,M,0.00072,42,2,0,,3
16-May,3,DMEL,M,0.00069,42,2,0,,3
16-May,3,DMEL,M,0.00069,42,2,0,,3
16-May,3,DMEL,M,0.00068,42,2,0,,3
16-May,3,DMEL,M,0.00068,42,2,0,,3
16-May,3,DMEL,M,0.00064,42,2,0,,3
16-May,3,DMEL,M,0.00063,42,2,0,,3
17-May,3,DMEL,F,0.00118,42,2,0,,3
17-May,3,DMEL,F,0.00118,42,2,0,,3
17-May,3,DMEL,F,0.00117,42,2,0,,3
17-May,3,DMEL,F,0.00116,42,2,0,,3
17-May,3,DMEL,F,0.00116,42,2,0,,3
17-May,3,DMEL,F,0.00113,42,2,0,,3
17-May,3,DMEL,F,0.00113,42,2,0,,3
17-May,3,DMEL,F,0.00112,42,2,0,,3
17-May,3,DMEL,F,0.00112,42,2,0,,3
17-May,3,DMEL,F,0.00109,42,2,0,,3
17-May,3,DMEL,F,0.00108,42,2,0,,3
17-May,3,DMEL,F,0.00105,42,2,0,,3
17-May,3,DMEL,F,0.00105,42,2,0,,3
17-May,3,DMEL,F,0.00105,42,2,0,,3
17-May,3,DMEL,F,0.00104,42,2,0,,3
17-May,3,DMEL,F,0.00099,42,2,0,,3
17-May,3,DMEL,M,0.00088,42,2,0,,3
17-May,3,DMEL,M,0.00088,42,2,0,,3
17-May,3,DMEL,M,0.00079,42,2,0,,3
17-May,3,DMEL,M,0.00076,42,2,0,,3
17-May,3,DMEL,M,0.00076,42,2,0,,3
17-May,3,DMEL,M,0.00075,42,2,0,,3
17-May,3,DMEL,M,0.00073,42,2,0,,3
17-May,3,DMEL,M,0.00073,42,2,0,,3
17-May,3,DMEL,M,0.00071,42,2,0,,3
17-May,3,DMEL,M,0.00068,42,2,0,,3
17-May,3,DMEL,M,0.00067,42,2,0,,3
27-Apr,16,DMEL,F,0.00101,42,2,0,,2
18-May,3,DMEL,F,0.00138,42,2,2,,3
18-May,3,DMEL,F,0.00134,42,2,2,,3
18-May,3,DMEL,F,0.00132,42,2,2,,3
18-May,3,DMEL,F,0.00132,42,2,2,,3
18-May,3,DMEL,F,0.00131,42,2,2,,3
18-May,3,DMEL,F,0.00128,42,2,2,,3
18-May,3,DMEL,F,0.00126,42,2,2,,3
18-May,3,DMEL,F,0.00122,42,2,2,,3
18-May,3,DMEL,F,0.00121,42,2,2,,3
18-May,3,DMEL,F,0.00121,42,2,2,,3
18-May,3,DMEL,F,0.00119,42,2,2,,3
18-May,3,DMEL,F,0.00118,42,2,2,,3
18-May,3,DMEL,F,0.00115,42,2,2,,3
18-May,3,DMEL,F,0.00113,42,2,2,,3
18-May,3,DMEL,F,0.00095,42,2,2,,3
18-May,3,DMEL,F,0.00078,42,2,2,seems dead,3
19-May,3,DMEL,F,0.00136,42,2,2,,3
19-May,3,DMEL,F,0.00135,42,2,2,,3
19-May,3,DMEL,F,0.00123,42,2,2,,3
19-May,3,DMEL,F,0.00122,42,2,2,,3
19-May,3,DMEL,F,0.00122,42,2,2,,3
19-May,3,DMEL,F,0.00122,42,2,2,,3
19-May,3,DMEL,F,0.00119,42,2,2,,3
19-May,3,DMEL,F,0.00119,42,2,2,,3
19-May,3,DMEL,F,0.00118,42,2,2,,3
19-May,3,DMEL,F,0.00114,42,2,2,,3
19-May,3,DMEL,F,0.00113,42,2,2,,3
19-May,3,DMEL,F,0.00111,42,2,2,,3
19-May,3,DMEL,F,0.00104,42,2,2,,3
19-May,3,DMEL,F,0.00102,42,2,2,,3
19-May,3,DMEL,F,0.00095,42,2,2,,3
18-May,3,DMEL,F,0.00089,42,2,4,,3
18-May,3,DMEL,F,0.0014,42,2,4,,3
18-May,3,DMEL,F,0.00123,42,2,4,,3
18-May,3,DMEL,F,0.00093,42,2,4,,3
18-May,3,DMEL,F,0.00135,42,2,4,,3
18-May,3,DMEL,F,0.00128,42,2,4,,3
18-May,3,DMEL,F,0.0014,42,2,4,,3
18-May,3,DMEL,F,0.00128,42,2,4,,3
18-May,3,DMEL,F,0.00141,42,2,4,,3
18-May,3,DMEL,F,0.00101,42,2,4,,3
18-May,3,DMEL,F,0.00084,42,2,4,,3
18-May,3,DMEL,F,0.00141,42,2,4,,3
18-May,3,DMEL,F,0.00107,42,2,4,,3
18-May,3,DMEL,F,0.00104,42,2,4,,3
18-May,3,DMEL,F,0.00101,42,2,4,,3
18-May,3,DMEL,F,0.00089,42,2,6,,3
18-May,3,DMEL,F,0.00112,42,2,6,,3
18-May,3,DMEL,F,0.00111,42,2,6,,3
18-May,3,DMEL,F,0.00123,42,2,6,,3
18-May,3,DMEL,F,0.001,42,2,6,,3
18-May,3,DMEL,F,0.00107,42,2,6,,3
18-May,3,DMEL,F,0.00118,42,2,6,,3
18-May,3,DMEL,F,0.00092,42,2,6,,3
18-May,3,DMEL,F,0.00107,42,2,6,,3
18-May,3,DMEL,F,0.00105,42,2,6,,3
18-May,3,DMEL,F,0.00124,42,2,6,,3
18-May,3,DMEL,F,0.00112,42,2,6,,3
18-May,3,DMEL,F,0.00119,42,2,6,,3
18-May,3,DMEL,F,0.00122,42,2,6,,3
18-May,3,DMEL,F,0.00093,42,2,6,,3
18-May,3,DMEL,F,0.00099,42,2,6,,3
18-May,3,DMEL,F,0.00122,42,2,6,,3
26-May,3,DMEL,F,0.00118,42,2,8,,3
26-May,3,DMEL,F,0.00112,42,2,8,,3
26-May,3,DMEL,F,0.0011,42,2,8,,3
26-May,3,DMEL,F,0.00104,42,2,8,,3
26-May,3,DMEL,F,0.00101,42,2,8,,3
26-May,3,DMEL,F,0.001,42,2,8,,3
26-May,3,DMEL,F,0.00099,42,2,8,,3
26-May,3,DMEL,F,0.00098,42,2,8,,3
26-May,3,DMEL,F,0.00097,42,2,8,,3
26-May,3,DMEL,F,0.00095,42,2,8,,3
26-May,3,DMEL,F,0.00095,42,2,8,,3
26-May,3,DMEL,F,0.00092,42,2,8,,3
26-May,3,DMEL,F,0.00086,42,2,8,,3
4/19/23,1,DMEL,F,0.001,42,2,10,,2
4/19/23,1,DMEL,F,0.001,42,2,10,,2
4/19/23,1,DMEL,F,0.001,42,2,10,,2
4/19/23,1,DMEL,F,0.0011,42,2,10,,2
26-May,3,DMEL,F,0.00117,42,2,10,,3
26-May,3,DMEL,F,0.00109,42,2,10,,3
26-May,3,DMEL,F,0.00108,42,2,10,,3
26-May,3,DMEL,F,0.00107,42,2,10,,3
26-May,3,DMEL,F,0.00106,42,2,10,,3
26-May,3,DMEL,F,0.00103,42,2,10,,3
26-May,3,DMEL,F,0.00103,42,2,10,,3
26-May,3,DMEL,F,0.00101,42,2,10,,3
26-May,3,DMEL,F,0.00101,42,2,10,,3
26-May,3,DMEL,F,0.00099,42,2,10,,3
26-May,3,DMEL,F,0.00098,42,2,10,,3
26-May,3,DMEL,F,0.00096,42,2,10,,3
26-May,3,DMEL,F,0.00091,42,2,10,,3
4/19/23,9,DMEL,F,0.0011,42,2,10,,2
4/19/23,9,DMEL,F,0.0012,42,2,10,,2
4/19/23,9,DMEL,F,0.0009,42,2,10,,2
4/19/23,9,DMEL,F,0.001,42,2,10,,2
4/19/23,9,DMEL,F,0.001,42,2,10,,2
4/19/23,9,DMEL,F,0.0009,42,2,10,,2
4/20/23,16,DMEL,F,0.0009,42,2,10,,2
4/20/23,16,DMEL,F,0.001,42,2,10,,2
4/20/23,25,DMEL,F,0.0012,42,2,10,,2
4/20/23,40,DMEL,M,0.0007,42,2,10,,2
4/20/23,40,DMEL,M,0.0006,42,2,10,,2
4/20/23,40,DMEL,M,0.0007,42,2,10,,2
4/20/23,40,DMEL,M,0.0007,42,2,10,,2
4/21/23,79,DMEL,M,0.0008,42,2,10,,2
4/21/23,79,DMEL,M,0.0007,42,2,10,,2
4/21/23,79,DMEL,M,0.0007,42,2,10,,2
4/21/23,79,DMEL,M,0.0007,42,2,10,,2
4/21/23,79,DMEL,M,0.0007,42,2,10,,2
4/21/23,79,DMEL,M,0.0006,42,2,10,,2
4/21/23,79,DMEL,M,0.0007,42,2,10,,2
4/21/23,79,DMEL,M,0.0007,42,2,10,,2
16-May,7,DMEL,F,0.00116,217,0.5,0,,3
16-May,7,DMEL,F,0.00112,217,0.5,0,,3
16-May,7,DMEL,F,0.00104,217,0.5,0,,3
16-May,7,DMEL,F,0.00098,217,0.5,0,,3
16-May,7,DMEL,F,0.00096,217,0.5,0,,3
16-May,7,DMEL,M,0.00066,217,0.5,0,,3
16-May,7,DMEL,M,0.00056,217,0.5,0,,3
16-May,7,DMEL,M,0.00053,217,0.5,0,,3
16-May,7,DMEL,M,0.00051,217,0.5,0,,3
17-May,7,DMEL,F,0.00118,217,0.5,0,,3
17-May,7,DMEL,F,0.00107,217,0.5,0,,3
17-May,7,DMEL,F,0.001,217,0.5,0,,3
17-May,7,DMEL,F,0.00095,217,0.5,0,,3
17-May,7,DMEL,M,0.00069,217,0.5,0,,3
18-May,7,DMEL,F,0.00116,217,0.5,0,,3
18-May,7,DMEL,F,0.00107,217,0.5,0,,3
18-May,7,DMEL,F,0.00099,217,0.5,0,,3
18-May,7,DMEL,F,0.00095,217,0.5,0,,3
18-May,7,DMEL,M,0.00069,217,0.5,0,,3
18-May,7,DMEL,M,0.00068,217,0.5,0,,3
19-May,7,DMEL,M,0.00064,217,0.5,0,,3
19-May,7,DMEL,M,0.00061,217,0.5,0,,3
19-May,7,DMEL,F,0.00122,217,0.5,0,,3
19-May,7,DMEL,F,0.00119,217,0.5,0,,3
19-May,7,DMEL,F,0.00086,217,0.5,0,,3
18-May,7,DMEL,F,0.00121,217,0.5,2,,3
18-May,7,DMEL,F,0.0012,217,0.5,2,,3
18-May,7,DMEL,F,0.00114,217,0.5,2,,3
18-May,7,DMEL,F,0.00113,217,0.5,2,,3
18-May,7,DMEL,F,0.00109,217,0.5,2,,3
19-May,7,DMEL,F,0.00125,217,0.5,2,,3
19-May,7,DMEL,F,0.00112,217,0.5,2,,3
19-May,7,DMEL,F,0.00107,217,0.5,2,,3
19-May,7,DMEL,F,0.00079,217,0.5,2,,3
19-May,7,DMEL,F,0.00118,217,0.5,4,,3
19-May,7,DMEL,F,0.00125,217,0.5,4,,3
19-May,7,DMEL,F,0.00121,217,0.5,4,,3
19-May,7,DMEL,F,0.00123,217,0.5,4,,3
19-May,7,DMEL,F,0.00101,217,0.5,4,,3
19-May,7,DMEL,F,0.00123,217,0.5,4,,3
19-May,7,DMEL,F,0.00119,217,0.5,4,,3
19-May,7,DMEL,F,0.00098,217,0.5,4,,3
19-May,7,DMEL,F,0.00111,217,0.5,4,,3
19-May,7,DMEL,F,0.00103,217,0.5,4,,3
19-May,7,DMEL,F,0.00102,217,0.5,4,,3
19-May,7,DMEL,F,0.00126,217,0.5,4,,3
19-May,7,DMEL,F,0.00119,217,0.5,4,,3
19-May,7,DMEL,F,0.00092,217,0.5,4,,3
26-May,7,DMEL,F,0.00125,217,0.5,6,,3
26-May,7,DMEL,F,0.00109,217,0.5,6,,3
26-May,7,DMEL,F,0.00101,217,0.5,6,,3
27-May,7,DMEL,F,0.00122,217,0.5,6,,3
27-May,7,DMEL,F,0.00123,217,0.5,6,,3
27-May,7,DMEL,F,0.00122,217,0.5,6,,3
27-May,7,DMEL,F,0.00107,217,0.5,6,,3
27-May,7,DMEL,F,0.00119,217,0.5,6,,3
27-May,7,DMEL,F,0.00111,217,0.5,6,,3
27-May,7,DMEL,F,0.00101,217,0.5,6,,3
27-May,7,DMEL,F,0.00116,217,0.5,6,,3
27-May,7,DMEL,F,0.00115,217,0.5,6,,3
27-May,7,DMEL,F,0.0011,217,0.5,6,,3
27-May,7,DMEL,F,0.00112,217,0.5,6,,3
27-May,7,DMEL,F,0.00109,217,0.5,6,,3
27-May,7,DMEL,F,0.00117,217,0.5,6,,3
26-May,7,DMEL,F,0.00125,217,0.5,8,,3
26-May,7,DMEL,F,0.00117,217,0.5,8,,3
26-May,7,DMEL,F,0.00109,217,0.5,8,,3
26-May,7,DMEL,F,0.00093,217,0.5,8,,3
26-May,7,DMEL,F,0.0013,217,0.5,8,,3
26-May,7,DMEL,F,0.00112,217,0.5,8,,3
26-May,7,DMEL,F,0.00104,217,0.5,8,,3
26-May,7,DMEL,F,0.0009,217,0.5,8,,3
4/19/23,5,DMEL,F,0.0014,217,0.5,10,,2
26-May,7,DMEL,F,0.00116,217,0.5,10,,3
26-May,7,DMEL,F,0.00114,217,0.5,10,,3
26-May,7,DMEL,F,0.00104,217,0.5,10,,3
26-May,7,DMEL,F,0.00094,217,0.5,10,,3
4/19/23,12,DMEL,F,0.0012,217,0.5,10,,2
4/19/23,12,DMEL,F,0.0015,217,0.5,10,,2
4/19/23,12,DMEL,F,0.001,217,0.5,10,,2
4/19/23,12,DMEL,F,0.0013,217,0.5,10,,2
4/19/23,12,DMEL,F,0.0012,217,0.5,10,,2
4/19/23,12,DMEL,F,0.0014,217,0.5,10,,2
26-May,7,DMEL,F,0.00149,217,0.5,10,,3
26-May,7,DMEL,F,0.00151,217,0.5,10,,3
26-May,7,DMEL,F,0.00099,217,0.5,10,,3
26-May,7,DMEL,F,0.00102,217,0.5,10,,3
26-May,7,DMEL,F,0.00131,217,0.5,10,,3
26-May,7,DMEL,F,0.00096,217,0.5,10,,3
26-May,7,DMEL,F,0.00146,217,0.5,10,,3
26-May,7,DMEL,F,0.00099,217,0.5,10,,3
26-May,7,DMEL,F,0.00127,217,0.5,10,,3
26-May,7,DMEL,F,0.00107,217,0.5,10,,3
26-May,7,DMEL,F,0.00115,217,0.5,10,,3
26-May,7,DMEL,F,0.0016,217,0.5,10,,3
26-May,7,DMEL,F,0.0013,217,0.5,10,,3
26-May,7,DMEL,F,0.00106,217,0.5,10,,3
4/20/23,23,DMEL,M,0.0007,217,0.5,10,,2
4/20/23,31,DMEL,M,0.0008,217,0.5,10,,2
4/20/23,32,DMEL,F,0.0014,217,0.5,10,,2
4/21/23,59,DMEL,F,0.0015,217,0.5,10,,2
4/21/23,59,DMEL,F,0.0015,217,0.5,10,,2
4/21/23,63,DMEL,F,0.0015,217,0.5,10,,2
4/21/23,69,DMEL,F,0.0016,217,0.5,10,,2
4/21/23,69,DMEL,F,0.0011,217,0.5,10,,2
4/24/23,311,DMEL,M,0.0005,217,0.5,10,,2
4/24/23,311,DMEL,M,0.0005,217,0.5,10,,2
4/24/23,311,DMEL,M,0.0006,217,0.5,10,,2
4/24/23,311,DMEL,M,0.0006,217,0.5,10,,2
4/24/23,385,DMEL,M,0.0006,217,0.5,10,,2
4/24/23,385,DMEL,M,0.0006,217,0.5,10,,2
4/24/23,385,DMEL,M,0.0006,217,0.5,10,,2
16-May,8,DMEL,F,0.00131,217,1,0,,3
16-May,8,DMEL,F,0.00123,217,1,0,,3
16-May,8,DMEL,F,0.00121,217,1,0,,3
16-May,8,DMEL,F,0.00121,217,1,0,,3
16-May,8,DMEL,F,0.00116,217,1,0,,3
16-May,8,DMEL,F,0.00112,217,1,0,,3
16-May,8,DMEL,F,0.00111,217,1,0,,3
16-May,8,DMEL,F,0.00105,217,1,0,,3
16-May,8,DMEL,F,0.001,217,1,0,,3
16-May,8,DMEL,F,0.00097,217,1,0,,3
16-May,8,DMEL,F,0.00093,217,1,0,,3
16-May,8,DMEL,M,0.00076,217,1,0,,3
16-May,8,DMEL,M,0.0007,217,1,0,,3
16-May,8,DMEL,M,0.0007,217,1,0,,3
16-May,8,DMEL,M,0.00064,217,1,0,,3
16-May,8,DMEL,M,0.00061,217,1,0,,3
16-May,8,DMEL,M,0.0006,217,1,0,,3
16-May,8,DMEL,M,0.00055,217,1,0,,3
16-May,8,DMEL,M,0.00052,217,1,0,,3
17-May,8,DMEL,F,0.00132,217,1,0,,3
17-May,8,DMEL,M,0.00072,217,1,0,,3
17-May,8,DMEL,M,0.00071,217,1,0,,3
17-May,8,DMEL,M,0.00069,217,1,0,,3
17-May,8,DMEL,M,0.00068,217,1,0,,3
17-May,8,DMEL,M,0.00067,217,1,0,,3
18-May,8,DMEL,F,0.0012,217,1,0,,3
18-May,8,DMEL,F,0.00112,217,1,0,,3
26-Apr,11,DMEL,M,0.00071,217,1,0,,2
27-Apr,11,DMEL,M,0.00072,217,1,0,,2
16-May,11,DMEL,F,0.00119,217,1,0,,3
16-May,11,DMEL,F,0.00107,217,1,0,,3
16-May,11,DMEL,F,0.00105,217,1,0,,3
16-May,11,DMEL,F,0.00103,217,1,0,,3
16-May,11,DMEL,M,0.00071,217,1,0,,3
17-May,11,DMEL,F,0.00136,217,1,0,,3
17-May,11,DMEL,M,0.00082,217,1,0,,3
17-May,11,DMEL,M,0.00077,217,1,0,,3
17-May,11,DMEL,M,0.00076,217,1,0,,3
17-May,11,DMEL,M,0.00066,217,1,0,,3
18-May,11,DMEL,F,0.00112,217,1,0,,3
18-May,11,DMEL,F,0.00112,217,1,0,,3
18-May,11,DMEL,F,0.00111,217,1,0,,3
26-Apr,19,DMEL,F,0.00116,217,1,0,,2
26-Apr,19,DMEL,F,0.00086,217,1,0,,2
26-Apr,19,DMEL,F,0.00106,217,1,0,,2
26-Apr,19,DMEL,F,0.00119,217,1,0,,2
26-Apr,19,DMEL,F,0.00096,217,1,0,,2
26-Apr,19,DMEL,F,0.00105,217,1,0,,2
26-Apr,19,DMEL,F,0.00092,217,1,0,,2
26-Apr,19,DMEL,F,0.00083,217,1,0,,2
26-Apr,19,DMEL,M,0.0008,217,1,0,,2
26-Apr,19,DMEL,M,0.0008,217,1,0,,2
26-Apr,19,DMEL,M,0.00061,217,1,0,,2
27-Apr,19,DMEL,F,0.00113,217,1,0,,2
27-Apr,19,DMEL,F,0.00104,217,1,0,,2
27-Apr,19,DMEL,F,0.00098,217,1,0,,2
27-Apr,19,DMEL,F,0.00098,217,1,0,,2
27-Apr,19,DMEL,F,0.00114,217,1,0,,2
27-Apr,19,DMEL,F,0.00104,217,1,0,,2
27-Apr,19,DMEL,F,0.00099,217,1,0,,2
27-Apr,19,DMEL,F,0.00095,217,1,0,,2
27-Apr,19,DMEL,F,0.00085,217,1,0,,2
27-Apr,19,DMEL,F,0.0001,217,1,0,,2
27-Apr,19,DMEL,F,0.00095,217,1,0,,2
18-May,8,DMEL,F,0.00127,217,1,2,,3
18-May,8,DMEL,F,0.00126,217,1,2,ONE MALE IN VIAL,3
18-May,8,DMEL,F,0.00126,217,1,2,,3
18-May,8,DMEL,F,0.00119,217,1,2,,3
18-May,8,DMEL,F,0.00114,217,1,2,,3
18-May,8,DMEL,F,0.00114,217,1,2,,3
18-May,8,DMEL,F,0.00113,217,1,2,,3
18-May,8,DMEL,F,0.00112,217,1,2,,3
19-May,8,DMEL,F,0.0011,217,1,2,,3
18-May,11,DMEL,F,0.00132,217,1,2,,3
18-May,11,DMEL,F,0.00131,217,1,2,,3
18-May,11,DMEL,F,0.00123,217,1,2,,3
18-May,11,DMEL,F,0.00119,217,1,2,,3
19-May,11,DMEL,F,0.00129,217,1,2,,3
19-May,8,DMEL,F,0.00131,217,1,4,,3
19-May,8,DMEL,F,0.00132,217,1,4,,3
19-May,8,DMEL,F,0.0013,217,1,4,,3
19-May,8,DMEL,F,0.00129,217,1,4,,3
19-May,8,DMEL,F,0.00124,217,1,4,,3
19-May,8,DMEL,F,0.00132,217,1,4,,3
19-May,8,DMEL,F,0.00114,217,1,4,,3
19-May,8,DMEL,F,0.00132,217,1,4,,3
19-May,8,DMEL,F,0.00136,217,1,4,,3
19-May,8,DMEL,F,0.00121,217,1,4,,3
19-May,11,DMEL,F,0.00125,217,1,4,,3
19-May,11,DMEL,F,0.0012,217,1,4,,3
19-May,11,DMEL,F,0.00134,217,1,4,,3
22-May,8,DMEL,F,0.00128,217,1,6,,3
22-May,8,DMEL,F,0.00128,217,1,6,,3
22-May,8,DMEL,F,0.00121,217,1,6,,3
22-May,8,DMEL,F,0.00137,217,1,6,,3
22-May,8,DMEL,F,0.0013,217,1,6,,3
22-May,8,DMEL,F,0.00121,217,1,6,,3
22-May,8,DMEL,F,0.00128,217,1,6,,3
22-May,8,DMEL,F,0.00132,217,1,6,,3
22-May,8,DMEL,F,0.00129,217,1,6,,3
22-May,11,DMEL,F,0.00131,217,1,6,,3
22-May,11,DMEL,F,0.00125,217,1,6,,3
26-May,11,DMEL,F,0.00138,217,1,6,,3
26-May,11,DMEL,F,0.00134,217,1,6,,3
26-May,11,DMEL,F,0.0013,217,1,6,,3
26-May,11,DMEL,F,0.00118,217,1,6,,3
26-May,11,DMEL,F,0.00131,217,1,8,,3
26-May,11,DMEL,F,0.00125,217,1,8,,3
26-May,11,DMEL,F,0.00117,217,1,8,,3
26-May,11,DMEL,F,0.00138,217,1,8,,3
26-May,11,DMEL,F,0.00127,217,1,8,,3
26-May,11,DMEL,F,0.0012,217,1,8,,3
26-May,11,DMEL,F,0.0013,217,1,8,,3
26-May,11,DMEL,F,0.00137,217,1,8,,3
26-May,11,DMEL,F,0.00135,217,1,8,,3
26-May,11,DMEL,F,0.00125,217,1,8,,3
26-May,11,DMEL,F,0.00131,217,1,8,,3
26-May,11,DMEL,F,0.00118,217,1,8,,3
26-May,11,DMEL,F,0.00134,217,1,8,,3
26-May,11,DMEL,F,0.00125,217,1,8,,3
26-May,11,DMEL,F,0.00138,217,1,8,,3
26-May,11,DMEL,F,0.00119,217,1,8,,3
26-May,11,DMEL,F,0.00128,217,1,8,,3
26-May,11,DMEL,F,0.00124,217,1,8,,3
26-May,11,DMEL,F,0.00124,217,1,8,,3
4/19/23,6,DMEL,F,0.001,217,1,10,,2
4/19/23,6,DMEL,F,0.0011,217,1,10,,2
4/19/23,6,DMEL,F,0.001,217,1,10,,2
26-May,8,DMEL,F,0.00112,217,1,10,,3
26-May,8,DMEL,F,0.00095,217,1,10,,3
26-May,8,DMEL,F,0.0014,217,1,10,,3
26-May,8,DMEL,F,0.00105,217,1,10,,3
26-May,8,DMEL,F,0.00106,217,1,10,,3
26-May,11,DMEL,F,0.00122,217,1,10,,3
26-May,11,DMEL,F,0.00098,217,1,10,,3
26-May,11,DMEL,F,0.00092,217,1,10,,3
26-May,8,DMEL,F,0.00141,217,1,10,,3
26-May,8,DMEL,F,0.0009,217,1,10,,3
26-May,8,DMEL,F,0.00113,217,1,10,,3
26-May,8,DMEL,F,0.00134,217,1,10,,3
26-May,8,DMEL,F,0.00094,217,1,10,,3
26-May,8,DMEL,F,0.00093,217,1,10,,3
26-May,8,DMEL,F,0.00135,217,1,10,,3
26-May,8,DMEL,F,0.00112,217,1,10,,3
26-May,8,DMEL,F,0.00115,217,1,10,,3
26-May,11,DMEL,F,0.00113,217,1,10,,3
26-May,11,DMEL,F,0.00106,217,1,10,,3
4/20/23,19,DMEL,F,0.001,217,1,10,,2
4/20/23,19,DMEL,F,0.001,217,1,10,,2
4/20/23,19,DMEL,F,0.001,217,1,10,,2
4/20/23,19,DMEL,F,0.0009,217,1,10,,2
4/20/23,19,DMEL,F,0.001,217,1,10,,2
4/20/23,24,DMEL,F,0.0014,217,1,10,,2
4/20/23,30,DMEL,F,0.001,217,1,10,,2
4/20/23,30,DMEL,F,0.0012,217,1,10,,2
4/20/23,30,DMEL,F,0.0013,217,1,10,,2
4/20/23,37,DMEL,F,0.0014,217,1,10,,2
4/20/23,48,DMEL,M,0.0005,217,1,10,,2
4/20/23,48,DMEL,M,0.0007,217,1,10,,2
4/20/23,48,DMEL,M,0.0007,217,1,10,,2
4/21/23,87,DMEL,M,0.0007,217,1,10,,2
4/21/23,87,DMEL,M,0.0008,217,1,10,,2
4/21/23,87,DMEL,M,0.0007,217,1,10,,2
4/21/23,87,DMEL,M,0.0007,217,1,10,,2
4/21/23,87,DMEL,M,0.0007,217,1,10,,2
4/24/23,332,DMEL,F,0.0012,217,1,10,,2
4/24/23,332,DMEL,F,0.001,217,1,10,,2
4/24/23,336,DMEL,F,0.0012,217,1,10,,2
4/24/23,336,DMEL,F,0.001,217,1,10,,2
4/24/23,336,DMEL,F,0.0013,217,1,10,,2
4/24/23,342,DMEL,M,0.0007,217,1,10,,2
4/24/23,342,DMEL,M,0.0006,217,1,10,,2
4/24/23,391,DMEL,M,0.0007,217,1,10,,2
4/24/23,391,DMEL,M,0.0007,217,1,10,,2
4/24/23,391,DMEL,M,0.0007,217,1,10,,2
17-May,9,DMEL,F,0.0013,217,2,0,,3
17-May,9,DMEL,F,0.00114,217,2,0,,3
17-May,9,DMEL,F,0.00113,217,2,0,,3
17-May,9,DMEL,F,0.00113,217,2,0,,3
17-May,9,DMEL,F,0.00112,217,2,0,,3
17-May,9,DMEL,F,0.00111,217,2,0,,3
17-May,9,DMEL,F,0.0011,217,2,0,,3
17-May,9,DMEL,F,0.00108,217,2,0,,3
17-May,9,DMEL,F,0.00107,217,2,0,,3
17-May,9,DMEL,F,0.00105,217,2,0,,3
17-May,9,DMEL,F,0.001,217,2,0,,3
17-May,9,DMEL,F,0.001,217,2,0,,3
17-May,9,DMEL,F,0.00094,217,2,0,,3
17-May,9,DMEL,F,0.00092,217,2,0,,3
17-May,9,DMEL,M,0.00085,217,2,0,,3
17-May,9,DMEL,M,0.0008,217,2,0,,3
17-May,9,DMEL,M,0.00075,217,2,0,,3
18-May,9,DMEL,M,0.00077,217,2,0,,3
18-May,9,DMEL,M,0.00076,217,2,0,,3
18-May,9,DMEL,M,0.00075,217,2,0,,3
18-May,9,DMEL,M,0.00074,217,2,0,,3
18-May,9,DMEL,M,0.00073,217,2,0,,3
18-May,9,DMEL,M,0.00071,217,2,0,,3
18-May,9,DMEL,M,0.00069,217,2,0,,3
18-May,9,DMEL,M,0.00067,217,2,0,,3
16-May,13,DMEL,F,0.00127,217,2,0,,3
16-May,13,DMEL,F,0.00117,217,2,0,,3
16-May,13,DMEL,F,0.00112,217,2,0,,3
17-May,13,DMEL,F,0.00122,217,2,0,,3
17-May,13,DMEL,F,0.00118,217,2,0,,3
17-May,13,DMEL,F,0.00118,217,2,0,,3
17-May,13,DMEL,F,0.00115,217,2,0,,3
17-May,13,DMEL,F,0.00114,217,2,0,,3
17-May,13,DMEL,F,0.00112,217,2,0,,3
17-May,13,DMEL,F,0.00111,217,2,0,,3
17-May,13,DMEL,F,0.00111,217,2,0,,3
17-May,13,DMEL,F,0.0011,217,2,0,,3
17-May,13,DMEL,F,0.0011,217,2,0,,3
17-May,13,DMEL,F,0.00108,217,2,0,,3
17-May,13,DMEL,F,0.00102,217,2,0,,3
17-May,13,DMEL,F,0.00101,217,2,0,,3
17-May,13,DMEL,F,0.00088,217,2,0,,3
17-May,13,DMEL,M,0.00084,217,2,0,,3
17-May,13,DMEL,M,0.00082,217,2,0,,3
17-May,13,DMEL,M,0.00078,217,2,0,,3
17-May,13,DMEL,M,0.00077,217,2,0,,3
17-May,13,DMEL,M,0.00069,217,2,0,,3
18-May,13,DMEL,M,0.00095,217,2,0,,3
18-May,13,DMEL,M,0.0009,217,2,0,,3
18-May,13,DMEL,M,0.00089,217,2,0,,3
18-May,13,DMEL,M,0.00086,217,2,0,,3
18-May,13,DMEL,M,0.00083,217,2,0,,3
18-May,13,DMEL,M,0.0008,217,2,0,,3
18-May,13,DMEL,M,0.00079,217,2,0,,3
18-May,13,DMEL,M,0.00078,217,2,0,,3
19-May,9,DMEL,F,0.00125,217,2,2,,3
19-May,9,DMEL,F,0.00125,217,2,2,,3
19-May,9,DMEL,F,0.00123,217,2,2,,3
19-May,9,DMEL,F,0.00122,217,2,2,,3
19-May,9,DMEL,F,0.00122,217,2,2,,3
19-May,9,DMEL,F,0.00117,217,2,2,,3
19-May,9,DMEL,F,0.00116,217,2,2,,3
19-May,9,DMEL,F,0.00116,217,2,2,,3
19-May,9,DMEL,F,0.00113,217,2,2,,3
19-May,9,DMEL,F,0.00112,217,2,2,,3
19-May,9,DMEL,F,0.00107,217,2,2,,3
19-May,9,DMEL,F,0.00106,217,2,2,,3
19-May,9,DMEL,F,0.00102,217,2,2,,3
19-May,9,DMEL,F,0.00074,217,2,2,,3
18-May,13,DMEL,F,0.00129,217,2,2,,3
18-May,13,DMEL,F,0.00126,217,2,2,,3
18-May,13,DMEL,F,0.00109,217,2,2,,3
19-May,13,DMEL,F,0.0014,217,2,2,,3
19-May,13,DMEL,F,0.00131,217,2,2,,3
19-May,13,DMEL,F,0.00131,217,2,2,,3
19-May,13,DMEL,F,0.00129,217,2,2,,3
19-May,13,DMEL,F,0.00125,217,2,2,,3
19-May,13,DMEL,F,0.00118,217,2,2,,3
19-May,13,DMEL,F,0.00118,217,2,2,,3
19-May,13,DMEL,F,0.00117,217,2,2,,3
19-May,13,DMEL,F,0.00116,217,2,2,,3
19-May,13,DMEL,F,0.00115,217,2,2,,3
19-May,13,DMEL,F,0.00108,217,2,2,,3
19-May,13,DMEL,F,0.00107,217,2,2,,3
21-May,9,DMEL,F,0.00128,217,2,4,,3
21-May,9,DMEL,F,0.00106,217,2,4,,3
21-May,9,DMEL,F,0.00121,217,2,4,,3
21-May,9,DMEL,F,0.00089,217,2,4,,3
21-May,9,DMEL,F,0.00129,217,2,4,,3
21-May,9,DMEL,F,0.00131,217,2,4,,3
21-May,9,DMEL,F,0.00088,217,2,4,,3
21-May,9,DMEL,F,0.00099,217,2,4,,3
21-May,9,DMEL,F,0.00114,217,2,4,,3
21-May,9,DMEL,F,0.00093,217,2,4,,3
21-May,9,DMEL,F,0.00122,217,2,4,,3
21-May,13,DMEL,F,0.00098,217,2,4,,3
21-May,13,DMEL,F,0.00125,217,2,4,,3
21-May,13,DMEL,F,0.00109,217,2,4,,3
21-May,13,DMEL,F,0.00101,217,2,4,,3
21-May,13,DMEL,F,0.00104,217,2,4,,3
21-May,13,DMEL,F,0.00109,217,2,4,,3
21-May,13,DMEL,F,0.00114,217,2,4,,3
21-May,13,DMEL,F,0.00126,217,2,4,,3
21-May,13,DMEL,F,0.00096,217,2,4,,3
21-May,9,DMEL,F,0.00121,217,2,6,,3
21-May,9,DMEL,F,0.00095,217,2,6,,3
21-May,9,DMEL,F,0.00118,217,2,6,,3
21-May,9,DMEL,F,0.00119,217,2,6,,3
21-May,9,DMEL,F,0.00094,217,2,6,,3
21-May,9,DMEL,F,0.00128,217,2,6,,3
21-May,9,DMEL,F,0.0013,217,2,6,,3
21-May,9,DMEL,F,0.00124,217,2,6,,3
21-May,9,DMEL,F,0.00101,217,2,6,,3
21-May,9,DMEL,F,0.00117,217,2,6,,3
21-May,13,DMEL,F,0.00126,217,2,6,,3
21-May,13,DMEL,F,0.00102,217,2,6,,3
21-May,13,DMEL,F,0.00116,217,2,6,,3
21-May,13,DMEL,F,0.00123,217,2,6,,3
21-May,13,DMEL,F,0.00105,217,2,6,,3
21-May,13,DMEL,F,0.00099,217,2,6,,3
21-May,13,DMEL,F,0.00102,217,2,6,,3
26-May,9,DMEL,F,0.00129,217,2,8,,3
26-May,9,DMEL,F,0.00119,217,2,8,,3
26-May,9,DMEL,F,0.00114,217,2,8,,3
26-May,9,DMEL,F,0.0011,217,2,8,,3
26-May,9,DMEL,F,0.00104,217,2,8,,3
26-May,9,DMEL,F,0.00102,217,2,8,,3
26-May,9,DMEL,F,0.00102,217,2,8,,3
26-May,9,DMEL,F,0.00102,217,2,8,,3
26-May,9,DMEL,F,0.00102,217,2,8,,3
26-May,9,DMEL,F,0.00099,217,2,8,,3
26-May,9,DMEL,F,0.00097,217,2,8,,3
26-May,13,DMEL,F,0.00126,217,2,8,,3
26-May,13,DMEL,F,0.00115,217,2,8,,3
26-May,13,DMEL,F,0.00115,217,2,8,,3
26-May,13,DMEL,F,0.00111,217,2,8,,3
26-May,13,DMEL,F,0.00106,217,2,8,,3
26-May,13,DMEL,F,0.00106,217,2,8,,3
26-May,13,DMEL,F,0.00104,217,2,8,,3
26-May,13,DMEL,F,0.00102,217,2,8,,3
26-May,13,DMEL,F,0.00101,217,2,8,,3
26-May,13,DMEL,F,0.00099,217,2,8,,3
26-May,13,DMEL,F,0.00096,217,2,8,,3
4/19/23,4,DMEL,F,0.0011,217,2,10,,2
4/19/23,7,DMEL,F,0.0012,217,2,10,,2
4/19/23,11,DMEL,F,0.0018,217,2,10,,2
4/19/23,11,DMEL,F,0.0011,217,2,10,,2
4/19/23,11,DMEL,F,0.0012,217,2,10,,2
4/19/23,11,DMEL,F,0.0012,217,2,10,,2
26-May,13,DMEL,F,0.00122,217,2,10,,3
26-May,13,DMEL,F,0.00118,217,2,10,,3
26-May,13,DMEL,F,0.00098,217,2,10,,3
27-May,13,DMEL,F,0.00126,217,2,10,,3
27-May,13,DMEL,F,0.00115,217,2,10,,3
27-May,13,DMEL,F,0.00123,217,2,10,,3
27-May,13,DMEL,F,0.00107,217,2,10,,3
27-May,13,DMEL,F,0.001,217,2,10,,3
27-May,13,DMEL,F,0.00115,217,2,10,,3
27-May,13,DMEL,F,0.0011,217,2,10,,3
27-May,13,DMEL,F,0.00137,217,2,10,,3
27-May,13,DMEL,F,0.00136,217,2,10,,3
27-May,13,DMEL,F,0.00128,217,2,10,,3
27-May,13,DMEL,F,0.0011,217,2,10,,3
27-May,13,DMEL,F,0.00136,217,2,10,,3
27-May,13,DMEL,F,0.00124,217,2,10,,3
27-May,13,DMEL,F,0.00108,217,2,10,,3
27-May,13,DMEL,F,0.00114,217,2,10,,3
27-May,13,DMEL,F,0.00128,217,2,10,,3
27-May,13,DMEL,F,0.00105,217,2,10,,3
27-May,13,DMEL,F,0.00134,217,2,10,,3
27-May,13,DMEL,F,0.00135,217,2,10,,3
27-May,13,DMEL,F,0.00104,217,2,10,,3
27-May,13,DMEL,F,0.00117,217,2,10,,3
4/19/23,15,DMEL,F,0.0012,217,2,10,,2
4/19/23,15,DMEL,F,0.0011,217,2,10,,2
4/19/23,15,DMEL,F,0.0014,217,2,10,,2
4/19/23,15,DMEL,F,0.0013,217,2,10,,2
4/19/23,15,DMEL,F,0.0013,217,2,10,,2
4/19/23,15,DMEL,F,0.0013,217,2,10,,2
4/19/23,15,DMEL,F,0.0013,217,2,10,,2
4/20/23,21,DMEL,M,0.0007,217,2,10,,2
4/20/23,22,DMEL,F,0.0014,217,2,10,,2
4/20/23,44,DMEL,M,0.0007,217,2,10,,2
4/20/23,44,DMEL,M,0.0006,217,2,10,,2
4/20/23,44,DMEL,M,0.0007,217,2,10,,2
4/20/23,45,DMEL,M,0.0007,217,2,10,,2
4/20/23,45,DMEL,M,0.0007,217,2,10,,2
4/21/23,75,DMEL,M,0.0008,217,2,10,,2
4/21/23,75,DMEL,M,0.0007,217,2,10,,2
4/21/23,77,DMEL,M,0.0007,217,2,10,,2
4/21/23,77,DMEL,M,0.0007,217,2,10,,2
4/21/23,77,DMEL,M,0.0007,217,2,10,,2